Gender,Parental Education Level,Lunch Type,Test Preparation Course,Study Time,Absences,Math Score,Reading Score,Writing Score
Male,Bachelor,Standard,Completed,7.0,0,91.91146703749708,83.49554296037861,89.54573951691583
Female,Associate,Free/Reduced,,3.0,4,53.36888818110191,46.9327415562193,60.7878478529668
Male,Associate,Standard,Completed,6.0,5,78.68173108897889,78.61385471710098,82.79533753905243
Female,Bachelor,Free/Reduced,,0.0,1,40.716588906180604,38.75699473300274,45.3715095976666
Male,Bachelor,Free/Reduced,Completed,2.0,11,52.54132981996798,53.477615235764574,66.22955722422921
Male,Associate,Standard,,10.0,8,80.0318357950853,93.92408752896817,89.39123991546947
Male,Bachelor,Free/Reduced,,,12,40.02164589445114,57.57063732578736,55.640826422526004
Male,Bachelor,Standard,,8.0,3,84.0230591506649,82.63323684751467,74.3513062138723
Female,PhD,Free/Reduced,Completed,9.0,19,100.0,91.7965969407726,87.01798500260918
Female,Associate,Free/Reduced,,9.0,19,78.20003871064583,86.72932580893502,79.48672863067007
Female,High School,,,0.0,2,37.67424309798004,38.243821371786616,42.29967955797602
Female,PhD,Free/Reduced,Completed,2.0,4,67.21205232832006,58.80603966514417,64.30760650361675
Female,Bachelor,Standard,,4.0,8,51.3993383696146,62.17626011493074,69.05832217410071
Male,Master,Free/Reduced,Completed,4.0,0,65.08406155491218,62.166504876716566,68.49954029879106
Female,Bachelor,Standard,,10.0,18,94.24560101072564,95.6075870882091,86.64413668016962
Female,Bachelor,Free/Reduced,Completed,4.0,2,73.13075742318065,77.1594300950804,67.2781650004867
Male,Bachelor,Free/Reduced,,2.0,12,49.04494829705496,59.80704976275878,41.338077351729126
Male,Bachelor,Free/Reduced,,,8,76.18646174941922,92.341196845599,76.8537485144602
Female,Master,Standard,,0.0,9,30.470555095475696,48.33198607202124,44.71026504157363
Female,PhD,Standard,Completed,4.0,3,,73.70020809245231,76.13709830428665
Male,PhD,Standard,,6.0,18,65.84099882319433,71.15711818617905,67.2822831642452
Female,PhD,Standard,,2.0,8,52.27457055557508,49.665800366405435,53.09289527542833
Male,Bachelor,Standard,,5.0,0,70.2262856413755,61.52721069244656,55.07326586865927
Male,Master,,,0.0,9,46.04703981508929,45.353915876444916,38.040557968815044
Female,Associate,Standard,Completed,8.0,5,80.2134408594865,89.7900280643282,83.29134624665417
Male,High School,Free/Reduced,Completed,8.0,20,92.50025755339533,99.6713298665695,83.31147167829349
Male,Master,Standard,Completed,10.0,19,90.71851958924017,100.0,100.0
Male,High School,Free/Reduced,Completed,8.0,15,93.07764630540062,83.05030752406635,90.30271708887679
Male,PhD,Standard,Completed,4.0,6,64.07972514229846,76.60318135493193,62.17653455418807
Female,Bachelor,Standard,Completed,1.0,6,62.598481866097785,47.889324613582616,53.94276682996813
Female,Bachelor,Standard,Completed,9.0,15,91.38204268642788,100.0,99.81512928019944
Male,Associate,Standard,,10.0,11,85.78534187194055,84.10870985806478,84.10461627380899
Male,PhD,Free/Reduced,,2.0,5,47.845183163868356,54.167934311490136,48.14650665612719
Male,PhD,Standard,,3.0,15,56.139756697171286,61.0839380083999,64.79462326533499
Female,Master,Free/Reduced,,1.0,5,43.27728023445282,49.36173009553775,52.603803753787844
Male,Associate,Standard,Completed,1.0,15,55.185727848127485,62.65450153710027,53.73698994640469
Male,PhD,Standard,Completed,10.0,4,100.0,100.0,96.63657922468285
Female,Associate,Free/Reduced,Completed,0.0,16,55.41557801254102,48.42715540184081,41.70059403770527
Male,Bachelor,Standard,,1.0,11,36.89410902966154,35.977210652598224,48.09790230802307
Male,PhD,Standard,,6.0,0,68.52675362544406,66.49637868024529,64.16768978174647
Male,Bachelor,Free/Reduced,Completed,6.0,17,75.62458496882151,75.72804359799696,83.48666529659106
Female,Associate,Standard,,3.0,7,45.430948461734936,48.84491713637233,53.81489923658087
Female,Master,Free/Reduced,Completed,8.0,9,88.0062698482833,96.8051204958625,81.91644730361043
Female,PhD,,,6.0,15,76.53250436492758,69.32580106590419,65.88741085050404
Male,High School,Standard,Completed,4.0,19,68.419134544244,67.27295042963748,64.52154343635846
Male,Bachelor,Free/Reduced,,7.0,0,66.96662262709975,69.7981814535346,65.73335750113905
Male,,Free/Reduced,Completed,,15,46.86155715136274,52.92130873383833,43.13575540311036
Female,,Standard,,9.0,5,94.1805699366858,91.01874427189833,77.36891726698175
Female,PhD,Standard,Completed,10.0,7,100.0,98.51399995304762,100.0
Male,Bachelor,Free/Reduced,Completed,10.0,13,100.0,97.21578025851288,98.12992143201035
Male,,Standard,Completed,6.0,7,71.60034880843884,72.68963586705769,89.82914297105698
Female,Bachelor,Free/Reduced,Completed,9.0,8,100.0,97.8670274981186,85.522188780495
Female,High School,Standard,Completed,1.0,1,50.203917999182565,60.92811808468868,53.373070483953164
Male,Associate,Standard,,0.0,3,42.041781687195304,42.80776207668193,33.781616653704546
Female,Master,Standard,Completed,9.0,2,91.70113473869901,94.52429652402597,98.30038495443776
Female,Bachelor,Standard,Completed,8.0,6,99.29898534158642,91.94086861451069,93.42587536567862
Male,PhD,Free/Reduced,,1.0,13,36.212399585210406,45.160883124056056,53.394434825580724
Male,Associate,Free/Reduced,,9.0,6,,85.84321187379501,83.66731039897779
Female,High School,Standard,Completed,4.0,14,64.78307922318265,67.54019880459006,60.7218895282094
Female,Associate,Standard,,7.0,14,74.55455987421655,67.56818576195052,80.56983292068227
Female,Associate,Free/Reduced,Completed,7.0,16,88.79058427269435,94.81593292461089,78.06833263804964
Male,Associate,Standard,,,15,67.56046316340758,58.97782617402295,58.13721173245028
Male,High School,Free/Reduced,,8.0,14,85.45917900924395,84.67276024467132,81.23599023574906
Female,Master,Standard,,9.0,10,84.75432498774492,86.76051734503943,92.53311180945764
Male,Associate,Free/Reduced,,7.0,13,74.76079060234932,66.38890986160102,81.52791124891739
Female,High School,Standard,Completed,8.0,10,85.87325739329177,95.1614808598153,81.58578433049311
Female,High School,Free/Reduced,,2.0,1,59.94098169944613,42.10546852647027,52.906489234809555
Female,PhD,Standard,,3.0,9,48.17232402501679,51.64993334251865,46.352874027764955
Male,Master,Standard,,9.0,12,83.4939831637032,91.37826486831278,77.16833562780963
Male,PhD,Standard,,10.0,18,90.78433914200347,93.61755485054115,87.1328911381257
Male,,Standard,Completed,0.0,0,53.76894123481997,50.5095492967465,44.981662919806816
Female,Bachelor,Standard,Completed,2.0,3,54.063034598360076,64.78174046771939,51.94813724143114
Female,Bachelor,Standard,Completed,10.0,10,,100.0,100.0
Female,PhD,Standard,Completed,7.0,7,93.46326355405695,92.40033288635603,78.8486113585995
Male,PhD,Standard,Completed,5.0,4,75.7131347953976,77.03741115555816,65.71186183905395
Male,Associate,Free/Reduced,,6.0,12,,66.66733988003242,69.40166143478253
Male,Master,Standard,Completed,9.0,14,97.89611550949695,98.82573422122749,89.5652343376771
Male,Master,Standard,,3.0,19,56.76903054146409,51.60777020248048,55.23240147803151
Female,PhD,Free/Reduced,Completed,5.0,16,66.68402551302384,69.66948769453188,80.35862970792623
Male,Associate,Standard,Completed,10.0,20,,100.0,100.0
Male,PhD,Free/Reduced,Completed,9.0,19,98.45009525970697,87.29250050116603,94.11003246660044
Female,Master,Standard,Completed,1.0,12,56.91955014164919,64.9795182222678,58.53788766082816
Male,,Standard,,2.0,7,52.16791516222456,47.10994395392969,48.07798374835488
Female,PhD,Standard,,1.0,0,51.155191944602045,37.25855970268195,46.67457198490393
Male,Associate,Standard,,4.0,19,53.10649248803921,59.56773739825783,57.49261454166913
Male,High School,Standard,,10.0,9,,86.323438515107,92.98857796020995
Female,High School,Free/Reduced,Completed,7.0,20,92.3455886528093,80.12884452063115,81.77479601200534
Male,Associate,Free/Reduced,,9.0,9,82.5291396516745,75.02732264304527,86.42141248615675
Male,Associate,Free/Reduced,,8.0,20,73.21693470767843,86.31332626396112,89.94587293146716
Male,Master,Free/Reduced,,1.0,7,44.3771348021434,39.86262229930126,43.16586331611515
Female,High School,Free/Reduced,,8.0,9,79.56580117188331,76.27030407475297,73.22902467508199
Male,Master,Standard,,7.0,1,72.60016037136447,81.62370546228564,68.79798038948549
Female,Master,,,9.0,18,88.91757872213635,83.88249724789998,88.08897844656043
Female,,Free/Reduced,,10.0,18,83.08793239860071,88.3763493059268,85.86251776614601
Female,High School,Free/Reduced,,5.0,3,58.85947755798095,61.36239555089072,59.304673850983406
Male,High School,Standard,Completed,8.0,19,87.27064169859509,91.49291603584084,97.57307257122827
Male,Associate,Free/Reduced,,8.0,20,82.46030224424875,77.44057913668227,71.81724518452837
Female,Bachelor,Standard,,2.0,12,47.93470788341051,52.613889004365944,57.11556319098654
Female,Bachelor,Free/Reduced,,7.0,0,82.69185092719425,75.94650169586863,81.2936132758458
Male,Bachelor,Standard,,3.0,20,57.04096994687891,57.68792908587618,53.61858320721364
Female,Master,Standard,Completed,9.0,16,93.45993884871699,93.26835402177926,90.12809536429316
Female,Master,Standard,,10.0,1,81.84963123343127,86.41044244145696,92.04300103994578
Female,Associate,Free/Reduced,,8.0,18,75.98551846278984,79.57286996777897,87.12235557821111
Male,Master,Standard,Completed,6.0,13,81.23292172629135,75.60439378748478,87.23684113920231
Female,Master,Free/Reduced,,1.0,19,49.3166660848056,49.198421284947024,44.9336067412968
Male,Master,Standard,,8.0,4,89.65520443309711,75.8196750048074,89.27057060835217
Female,Master,Free/Reduced,,2.0,10,46.8753445185512,53.355265037015606,40.06198562113501
Male,Associate,Free/Reduced,,,17,87.54495694689751,93.8054366623786,90.70491333746054
Male,Master,Free/Reduced,Completed,7.0,7,89.7654568302128,83.29857074652732,75.84179874739911
Female,Master,Standard,,7.0,17,68.26304719737661,80.86597395038625,80.29466589936315
Female,PhD,Free/Reduced,,3.0,20,64.98310387227261,61.36198104641454,51.26822167135493
Male,PhD,Standard,Completed,8.0,4,90.63733337996194,91.02835489452734,80.74423702554392
Female,Bachelor,,,8.0,12,75.79114306648938,75.84461581185211,83.19783364544483
Male,Bachelor,Standard,,10.0,0,89.71744358595731,81.00035814383847,91.07994690190365
Female,Master,Free/Reduced,,0.0,17,47.03327851873227,39.846392622407265,43.640756110839746
Male,Master,Free/Reduced,,2.0,8,40.72734871119948,58.7285721702722,54.86491206884914
Female,Bachelor,Standard,Completed,1.0,12,63.29350595222829,49.7025957751879,52.21739490616625
Female,Bachelor,Free/Reduced,Completed,6.0,0,79.96767164377198,70.00578671255457,87.52125566543089
Female,Bachelor,Free/Reduced,,3.0,19,55.736129533587004,59.02333165397769,46.229703437188846
Female,Master,Standard,Completed,0.0,6,43.9636944849742,48.43710500336589,41.75524463521806
Male,,Standard,,1.0,10,38.642167398377524,42.57681479797564,52.01843433887178
Male,Master,Free/Reduced,Completed,9.0,14,100.0,100.0,86.49099879368686
Female,Bachelor,Free/Reduced,,8.0,9,79.27972422366437,87.53338982129924,88.53960492955144
Female,PhD,Standard,,4.0,17,53.23515502399457,69.3923956512497,67.51664714087113
Male,Bachelor,,,8.0,14,81.14838693931016,70.67133389031146,81.40353368209303
Female,High School,Standard,Completed,10.0,0,91.62645561543592,100.0,100.0
Female,PhD,Standard,,4.0,2,55.01431647482452,67.15695460710822,59.77665641490333
Male,High School,Free/Reduced,Completed,6.0,18,75.18357745691945,89.32120087251498,86.16900127495572
Female,,Standard,,10.0,1,80.53503213874428,98.26078570813644,89.09513334755397
Male,PhD,Standard,,5.0,15,73.15093805128143,56.5141969614116,58.32668559900793
Male,PhD,Free/Reduced,Completed,6.0,9,86.85204055183146,84.87793729075528,75.5018061620402
Female,Associate,Standard,,6.0,6,70.97240305021002,75.25442658017407,72.14539573759711
Male,High School,Standard,Completed,5.0,0,77.46130321190915,77.03243146434518,68.4726952775244
Female,Master,Free/Reduced,,9.0,5,90.57695638878695,90.19809632560082,92.41780603397905
Female,Master,Standard,,7.0,8,84.81183581815239,79.3731696069713,83.61512385371555
Female,,Standard,,2.0,3,43.812289241044354,57.912204329824014,51.427929177044405
Female,Bachelor,Free/Reduced,,3.0,6,54.5917487160298,56.18692417691285,60.47331799720936
Female,High School,Standard,,2.0,7,52.31688694034288,59.63897041200863,43.817517496623545
Female,Master,Free/Reduced,,3.0,17,61.10927236924628,46.33037712101982,63.3870847478818
Male,High School,Standard,,1.0,6,44.28465349411267,47.80048693088007,49.57635174411634
Male,High School,Standard,Completed,3.0,4,70.20481768090815,72.52362227583514,70.2065429709834
Male,Bachelor,Standard,,8.0,2,78.10260308177362,75.93240909026181,79.0608106082634
Male,Master,Free/Reduced,Completed,8.0,1,91.79907245806879,81.3038829782296,99.07506388445965
Female,PhD,Standard,,,12,76.33662475248131,75.1116513124684,87.6709093775221
Male,High School,Free/Reduced,,1.0,1,37.23206638041356,51.13935824031749,37.595372227985415
Male,Bachelor,Standard,,9.0,10,85.5075311688573,88.66444634646143,76.93578511845496
Male,High School,Standard,Completed,8.0,13,82.83256052721828,89.81136349817153,86.69806522150742
Male,Associate,Free/Reduced,Completed,1.0,10,53.603143247013705,53.39148938477041,49.94937353600515
Female,Bachelor,Free/Reduced,,3.0,7,54.23379992596375,55.56563435106034,50.19744867083204
Male,High School,Free/Reduced,,5.0,18,66.06540691656966,62.664335566968724,65.18857769692978
Male,Master,Standard,Completed,0.0,20,43.835952855345695,43.88057393201321,56.45311889524739
Female,High School,Free/Reduced,Completed,,5,65.44796018738296,78.92726419412871,73.04289350029214
Male,High School,Free/Reduced,Completed,1.0,9,,49.096296464032626,49.40428951865585
Male,High School,Standard,,3.0,15,56.78380439928968,62.12164882122972,45.09575459127298
Female,High School,Standard,,7.0,13,84.32466862030927,72.15385066105436,66.54347606889672
Female,High School,Free/Reduced,,9.0,19,94.53459297168155,81.66027990238169,84.24160564784508
Male,Associate,Standard,Completed,4.0,4,65.80679206675707,76.79038523479731,74.97961884852975
Male,Associate,Standard,,0.0,12,37.801454726591146,34.70877994672362,38.273360544924444
Female,PhD,Free/Reduced,,0.0,14,41.5003794569888,32.86181295352851,37.48922955270773
Male,PhD,Free/Reduced,Completed,1.0,16,51.91871879568485,55.886787187235925,60.15690407037533
Male,High School,Free/Reduced,,4.0,8,62.126797746183406,55.40616038834675,50.62865405312036
Male,,Free/Reduced,,2.0,5,55.17769841598465,49.93539654287178,52.830971768855655
Female,High School,Standard,Completed,10.0,7,90.17000461637343,100.0,100.0
Female,PhD,Standard,Completed,3.0,2,65.90135888035968,67.49681472617786,61.28949137748841
Female,Bachelor,Standard,,4.0,0,58.346648874819145,65.52076597019746,64.97036743236089
Male,High School,Standard,Completed,2.0,11,52.32819339060991,57.9483418233064,65.84116317658503
Male,Bachelor,Standard,,2.0,17,48.22355721092547,53.89012120165782,56.47317095323353
Female,Associate,Standard,,10.0,14,83.97992548285409,80.12798588969662,90.05314229364274
Female,Master,Free/Reduced,Completed,,18,85.02139227937147,71.48694499775583,84.71333236027972
Male,PhD,Standard,,,14,33.522782554016416,41.671850424741365,49.69197201809402
Female,PhD,Standard,Completed,5.0,18,74.51224659861307,76.97079867576623,84.10533554737282
Male,Bachelor,Standard,,6.0,13,75.75265975720238,67.44851785323326,63.71777428755178
Female,Master,Free/Reduced,Completed,0.0,1,46.00380890992091,58.89186025729772,42.07464105521608
Male,Master,Free/Reduced,,8.0,14,,80.86451079760235,85.45831184414388
Male,High School,Standard,,5.0,14,73.1126049497206,58.68195309815775,56.16816184897017
Male,Associate,Free/Reduced,,0.0,14,47.122324606418026,42.21483312742886,45.41515123222791
Female,Master,Free/Reduced,Completed,4.0,12,73.60347225367346,65.71976868011241,75.55033845887918
Female,High School,Free/Reduced,,9.0,14,91.52709758809061,76.11906821145836,91.04821296810728
Male,Bachelor,Standard,,7.0,16,79.26966256719007,82.15500946549435,83.3444766635583
Female,Master,Free/Reduced,,4.0,16,54.343527979158715,69.59383973406254,59.505837922815765
Female,High School,Standard,,10.0,14,91.68360259926308,95.69421835252491,85.53904903307837
Male,High School,,,4.0,2,67.85536809062475,65.43455280906277,55.98823635519384
Female,Associate,Standard,Completed,6.0,7,77.08130573868311,89.67618421512068,89.21490388972018
Male,Bachelor,Free/Reduced,,,18,62.42430862677196,71.58419299423015,69.84076911838123
Female,High School,Standard,Completed,6.0,17,82.23998222482693,80.42703056790741,84.1016208084604
Male,PhD,Free/Reduced,Completed,1.0,8,53.389230087550686,56.45590779068204,64.37882141975159
Female,High School,Standard,Completed,6.0,15,73.69646798011152,81.69353913286693,77.00295642751071
Female,,Standard,Completed,1.0,0,62.97217907597516,50.911226786667626,49.95388113639078
Male,Bachelor,Free/Reduced,Completed,3.0,20,57.55995692346946,57.15232699257851,60.05164583532448
Male,High School,Free/Reduced,,5.0,16,56.676783380593285,65.84911743557407,66.31515494333479
Female,Bachelor,Free/Reduced,Completed,1.0,11,63.798113835131176,48.090209413948756,60.024609544052716
Female,High School,Free/Reduced,Completed,1.0,12,47.00980090089749,59.02176028350323,49.802508201044525
Female,Master,Standard,Completed,9.0,16,92.6295779801688,100.0,88.91968824165986
Male,Associate,Free/Reduced,,3.0,13,61.52973065916552,54.30549856483397,58.5342761957076
Male,High School,Free/Reduced,Completed,2.0,1,59.627362685203884,50.85470958045512,53.30305627345458
Male,High School,Standard,Completed,6.0,0,72.7560784559705,70.16406607338978,79.87525499451621
Female,Bachelor,Free/Reduced,,10.0,1,88.31998359010021,98.9140254308191,89.29354210977466
Female,PhD,Standard,Completed,2.0,13,58.21459892724288,50.88681321872362,64.5046168395899
Female,Associate,Free/Reduced,,3.0,16,49.83148723284624,55.97219622797713,56.3840504732127
Female,Associate,Free/Reduced,,2.0,15,,48.71768941936785,51.790649721741524
Male,High School,Free/Reduced,Completed,0.0,9,40.81550690976635,46.60543596117812,49.95073282498145
Female,High School,Standard,,3.0,10,54.45636849944361,45.38912796407687,47.17049422011169
Female,High School,Standard,Completed,0.0,3,44.679633183851614,42.81849917563724,51.17730006905272
Female,Master,Standard,,9.0,2,87.50799381738932,81.95570826827337,82.2689203715701
Male,High School,Standard,Completed,7.0,8,94.77000647263566,87.76806275843451,76.44580953402323
Female,Associate,Standard,,4.0,0,52.380323762408906,64.96155563224818,68.89730649108901
Female,PhD,Free/Reduced,,0.0,18,39.93114408692953,37.88867383492297,43.36910029156919
Male,Associate,Free/Reduced,,7.0,19,65.3817632190549,77.48042095371542,79.5776923863594
Male,PhD,Free/Reduced,,3.0,2,61.08383836635082,52.62642831598479,61.97259128445893
Male,Associate,Standard,,2.0,19,42.66642408187928,42.32392364708345,49.850441618363064
Female,High School,Standard,,0.0,8,49.64528290991467,45.62202580049818,33.973994147962266
Male,Associate,Free/Reduced,,5.0,9,64.6903909958781,57.976029082237076,59.33875343879273
Male,High School,Free/Reduced,Completed,0.0,10,48.09783120842251,43.94515583344775,45.67848574271232
Male,Master,Standard,,0.0,18,45.70353567283253,42.78620935520584,33.055134281239916
Male,Associate,Standard,Completed,8.0,0,82.27278617716803,93.19707002837357,91.80548975035234
Male,Associate,Free/Reduced,Completed,6.0,1,89.25960545095498,77.35018536323446,87.84865421549975
Male,PhD,Free/Reduced,Completed,5.0,5,75.86338946370698,67.661691323135,66.84288803938318
Female,Bachelor,Standard,,5.0,18,57.61729641743179,72.12072944564407,55.53199260062334
Female,Master,Free/Reduced,,2.0,5,48.48956240492962,44.19562478800971,59.315630025871
Female,PhD,Standard,,0.0,4,43.01737371202972,37.10815721371914,47.416413336259765
Male,PhD,Free/Reduced,,4.0,14,50.402476964770756,58.8146590299358,63.82544012216247
Female,Associate,Standard,Completed,4.0,10,63.18937951347023,62.9479063206251,63.897672530487924
Male,Bachelor,Standard,,4.0,3,51.66648669337977,60.89252641773111,51.14152569177195
Male,PhD,Standard,,8.0,5,85.48503485385746,75.88757146843527,88.19668790831129
Female,High School,Free/Reduced,,2.0,9,40.527247712362936,43.84274260709121,56.11582463788578
Female,PhD,Standard,,5.0,5,70.15637428089154,67.66757313759435,64.11596253695203
Female,High School,Free/Reduced,,8.0,9,71.26107541300989,70.0487630463565,84.80626357964556
Female,High School,Standard,,5.0,17,66.00738659152316,70.37362799814323,59.79309581015313
Female,PhD,Free/Reduced,,4.0,2,57.122645884551886,65.32676591524512,52.138500802368924
Male,PhD,Free/Reduced,,1.0,15,39.279586455322224,36.70705251574326,45.18642311713965
Male,High School,Standard,Completed,,7,88.00392149793544,73.09098645074612,80.4093029872457
Male,High School,Free/Reduced,Completed,,20,43.98538605390865,59.10412722576271,51.51957476250986
Male,Associate,Standard,,5.0,17,60.5329290435095,69.4116463497927,73.70333824888772
Male,Bachelor,Free/Reduced,Completed,5.0,5,80.3894306448642,68.25477231628294,84.19450697247767
Female,High School,Free/Reduced,Completed,,4,60.090642860375496,79.7000804614962,63.001460231196475
Female,High School,Free/Reduced,,9.0,10,80.79266157570001,90.60747682474702,81.26359774501269
Male,High School,Free/Reduced,,5.0,14,71.36399585936917,62.278655102116424,55.061257617442116
Female,,Standard,Completed,10.0,18,100.0,100.0,99.3607426968285
Female,Bachelor,Free/Reduced,Completed,2.0,19,51.96242686579614,64.86828437513739,56.511057980818755
Male,High School,,Completed,0.0,12,54.087722105687654,44.05523050779469,47.57740689431833
Female,Master,Standard,Completed,10.0,10,93.10176940445012,100.0,100.0
Male,Bachelor,Free/Reduced,Completed,0.0,13,51.65528262418411,47.419834213514505,57.8216675280125
Male,Master,Free/Reduced,,10.0,6,89.52871938801385,88.20616464833446,92.45061914431982
Female,Associate,Standard,,2.0,18,55.59100658243135,43.9414155248229,47.78959687919641
Female,Master,Free/Reduced,,10.0,0,91.7248339483776,93.85173534763223,86.82676268448117
Female,Associate,Standard,,7.0,9,66.92143815831416,67.35933197930062,65.06562604751235
Female,Bachelor,Free/Reduced,Completed,1.0,18,49.962006762669795,46.883580502328286,59.03457327452669
Male,High School,Standard,,6.0,5,62.810119048079414,74.02341065416569,70.02972260482655
Male,Associate,Standard,Completed,8.0,3,84.57009094662854,89.30936119814783,94.57564703858296
Female,Master,Standard,,0.0,7,43.061947058987485,49.49012405879718,40.74874516352108
Female,Master,Standard,Completed,6.0,4,81.32435847302291,78.72123099530486,80.14795637901268
Female,PhD,Standard,Completed,0.0,2,50.39636673835333,46.52160814540958,51.29546801862497
Female,Master,Free/Reduced,,10.0,2,96.73632332777373,83.48194415584236,82.67358498774249
Female,Master,Free/Reduced,,6.0,5,70.01936634827877,64.22401978634635,65.67195858321321
Male,Master,Standard,,10.0,6,99.89149921466503,94.22069758795907,82.04477811640265
Male,Master,Free/Reduced,,2.0,15,58.8445111277534,58.03230113438002,43.4847663176958
Male,PhD,Free/Reduced,Completed,10.0,14,100.0,90.74311148304582,95.16179918513949
Male,PhD,Free/Reduced,,6.0,16,72.63916107641015,70.72273178402119,73.33200132443122
Female,Associate,Standard,Completed,5.0,14,78.05901671843259,71.07202346239663,70.00104922945575
Male,Associate,Standard,,10.0,6,90.33592879072447,97.5966153703625,83.49270471244442
Male,Bachelor,Free/Reduced,,4.0,17,58.563747601049315,51.5333970632309,57.61902168651823
Male,Associate,Free/Reduced,,5.0,2,56.66251144380924,68.12915539525801,65.50622881676483
Female,Master,Free/Reduced,Completed,8.0,15,82.69361719363675,80.2410239155207,89.98098771222271
Female,PhD,Free/Reduced,Completed,7.0,9,75.91959857120227,80.24455719760644,81.12950640869853
Male,High School,Free/Reduced,Completed,1.0,17,52.106778164641234,63.26459990180723,58.65744351829792
Male,Master,Standard,,9.0,0,94.90753324155611,88.55182045064237,89.52847616045162
Female,Master,Free/Reduced,Completed,5.0,11,81.48510604409991,79.18668437178144,79.14334920335929
Male,PhD,Free/Reduced,Completed,10.0,3,98.64527616279055,100.0,100.0
Male,Master,Free/Reduced,,2.0,17,51.58078339758635,41.92904296281364,56.82477808756702
Female,Master,Free/Reduced,,10.0,9,95.88221386039135,97.11486662417964,83.542091092372
Female,High School,Standard,Completed,3.0,3,61.65910202292971,73.22492273456285,72.44075352873939
Female,Master,Free/Reduced,,2.0,20,43.58950714958624,56.88004841871601,49.88698863012771
Female,High School,Free/Reduced,Completed,10.0,10,91.88851803708434,100.0,94.63904145368532
Male,Master,Free/Reduced,,1.0,13,37.97701461820341,37.826848454033325,46.26451532814552
Female,Bachelor,Standard,Completed,3.0,5,65.11145971686257,59.14443092473816,73.18394240958874
Male,Master,Free/Reduced,Completed,8.0,7,84.73613179942672,93.66316436854731,97.38764568558699
Male,Associate,Free/Reduced,,6.0,8,66.11831657083093,66.48184726247209,73.04182461262045
Male,Associate,Free/Reduced,,9.0,7,87.59138980171363,92.84943663131077,93.00515145935773
Female,Bachelor,Free/Reduced,,6.0,10,79.72510286889298,69.55350808366661,63.59475404486827
Male,Master,Free/Reduced,,5.0,0,62.32779159313442,55.622257220732436,66.91828754479567
Male,Master,Standard,Completed,9.0,4,98.31033092493739,95.69494806849023,98.26551178461906
Male,High School,Free/Reduced,Completed,7.0,7,89.6590653166243,87.77165390166775,79.42365092120458
Male,PhD,Free/Reduced,Completed,10.0,14,100.0,94.73490904375168,95.13547491460967
Female,,Standard,,4.0,13,60.66187817441106,53.920536088245655,52.45189977636852
Female,Bachelor,Free/Reduced,Completed,0.0,6,55.51507410037913,41.05979756683442,58.20828502594167
Male,High School,Free/Reduced,,1.0,0,42.50172925749615,50.75405719184299,51.285928050331364
Male,Bachelor,Free/Reduced,Completed,6.0,17,74.50284461472762,81.61910702769623,75.24487324226982
Male,Master,Standard,Completed,9.0,8,86.17576978475304,89.15582727362859,91.94157089101859
Male,Bachelor,Standard,,,15,63.284508279673155,63.69635242818395,53.88506290783342
Female,Master,Free/Reduced,Completed,3.0,1,68.61700813074097,57.90601803247394,70.64842613054554
Male,PhD,Free/Reduced,Completed,5.0,11,82.8297143560662,76.08990604895428,83.7631025089307
Female,Master,Standard,Completed,2.0,15,69.91186980616519,58.14027018499308,57.23756424419556
Male,High School,Standard,,7.0,10,66.98865978051651,77.40310676122849,69.29547167626912
Female,PhD,Standard,Completed,9.0,1,90.59089248074014,90.85132211885099,96.90582973787957
Male,Bachelor,Free/Reduced,,5.0,8,57.88169718987693,64.14162630081293,68.61573730515151
Female,Bachelor,Standard,,0.0,4,49.5879054740122,44.28939590123781,43.29945117683967
Male,Bachelor,Standard,Completed,4.0,19,79.1420367393839,75.77623091853056,68.41337168144159
Male,,Standard,,1.0,8,39.2541588189017,53.5955771896507,50.55327545662085
Female,Bachelor,Free/Reduced,,7.0,4,72.19316731750564,83.31034261249278,71.98443272195405
Male,Associate,Free/Reduced,Completed,9.0,3,100.0,92.66629426095263,97.48800240606495
Female,Master,Free/Reduced,,1.0,19,54.22432099582781,44.40857823711531,46.113786424877084
Male,PhD,Free/Reduced,,8.0,5,77.15500928183737,78.98489765928576,82.03308035897363
Male,PhD,Free/Reduced,Completed,4.0,6,68.2523907462544,64.44776762449996,61.86829890787423
Male,Associate,Free/Reduced,Completed,6.0,14,88.26257971143615,83.09554165612467,73.82742919117098
Male,PhD,Standard,,10.0,7,87.17377143910896,89.28244257558353,94.68126278103581
Female,Associate,Free/Reduced,,3.0,11,48.01585397439008,49.82996528951836,56.597013381351005
Female,Associate,Free/Reduced,Completed,10.0,9,90.17907386424662,100.0,97.8334060700696
Male,Master,Standard,,4.0,17,64.58749420408695,67.08968580687929,62.56807569015204
Female,High School,Free/Reduced,Completed,9.0,14,,92.21584629727484,94.24589842954575
Female,Master,Standard,Completed,8.0,7,80.75964353506944,98.8838520414712,94.30439597733636
Male,Associate,Free/Reduced,,8.0,3,71.65917721814805,81.9004504205659,71.0844559524609
Female,Bachelor,Standard,,4.0,1,59.89255984223654,50.24545586930434,67.63493824679021
Female,Bachelor,,Completed,6.0,2,76.4564780691921,88.73111745565316,83.54669348025688
Male,Bachelor,Free/Reduced,Completed,7.0,18,83.81575599766362,94.88768987215771,78.16033341284482
Female,Associate,Standard,,8.0,5,75.69831023186462,71.52545867428961,85.48813913810667
Female,Associate,Free/Reduced,,5.0,14,73.89329755449603,63.407826545509764,58.480833906560136
Male,Master,Standard,Completed,2.0,7,58.29729115672994,60.615930007450544,57.349417212385035
Female,PhD,Free/Reduced,,2.0,7,49.35189468190827,55.06744950128173,41.20801340070463
Female,Associate,Standard,Completed,0.0,3,42.28386910080148,54.560013229776416,41.75760442538973
Male,Master,Standard,Completed,7.0,4,81.54403797276512,83.7873012846032,86.06929304596721
Female,Master,,,7.0,20,65.77489851091616,82.47642316512213,66.06785652215842
Male,,Free/Reduced,,9.0,12,90.01442532745082,93.27315261819736,85.90181206400948
Female,Master,Standard,Completed,6.0,6,83.23443991139317,70.8399235205669,89.7948615099622
Female,High School,Standard,,5.0,9,65.03766192957939,61.070139220215786,56.017064423575164
Male,Associate,Free/Reduced,,2.0,6,52.57320016910647,57.2214079007008,48.60434500672032
Male,Bachelor,Free/Reduced,Completed,2.0,7,59.326658494504336,58.76765571875528,53.72267131316282
Female,PhD,Free/Reduced,,4.0,9,50.91865591990812,65.00272695337944,51.728200334836615
Female,PhD,Free/Reduced,Completed,0.0,14,55.84662377893417,52.101695807233945,48.09093325991849
Male,Bachelor,Free/Reduced,Completed,2.0,16,67.14204640843693,51.03479341955001,65.70858630551832
Female,PhD,Standard,Completed,8.0,16,98.18470079474912,98.09083648813623,92.8300206168255
Male,Bachelor,Standard,,8.0,15,89.36974213702025,78.4169984082612,81.1400395265173
Male,Bachelor,Standard,,4.0,8,65.7709186130499,63.47876231698483,52.99295119425251
Female,Master,Free/Reduced,,4.0,9,53.85015191868617,68.61210728355937,67.10975155908059
Female,Associate,Standard,,6.0,20,70.11618625675365,69.29323629016402,68.36848568671877
Female,Bachelor,Free/Reduced,Completed,4.0,3,79.11215764446908,79.40774888140808,70.21746838698462
Female,Master,Free/Reduced,Completed,0.0,14,59.562433597959846,55.915128223759936,52.41046532072052
Male,Master,Free/Reduced,,8.0,3,,79.8696923457348,70.40065762252688
Female,High School,Standard,Completed,6.0,18,79.95931306980528,75.65099451991675,87.59916229163939
Male,Master,Free/Reduced,,1.0,17,37.97097056782011,45.45208516066478,53.78340700777902
Male,Associate,Standard,,5.0,16,68.52963046883417,58.838221173042015,60.471637095297446
Male,Associate,Free/Reduced,Completed,0.0,7,41.249535984415246,48.365330907128474,59.24866871612339
Female,High School,Standard,,2.0,5,49.87220088458147,44.26068882694096,54.43217830887282
Male,,Standard,,4.0,0,57.08185681185168,51.69808963196874,66.68959432100799
Female,Associate,Standard,Completed,10.0,17,98.06884852416607,100.0,94.08069060864385
Male,Bachelor,Free/Reduced,,0.0,9,37.583165552341995,42.28044642242107,41.899723294679994
Female,High School,Standard,Completed,7.0,9,85.6965740627073,83.73928505990406,93.21699484971525
Male,PhD,Standard,,9.0,14,90.82793098638012,94.9167838294298,79.08472095390727
Male,High School,Free/Reduced,,10.0,19,97.8273818200168,85.41238354878007,85.6802591575549
Female,Bachelor,Free/Reduced,Completed,4.0,8,76.31636887230857,78.45431249778316,63.49569566469045
Male,Master,Free/Reduced,Completed,9.0,13,86.93242865557046,100.0,91.2810818116719
Female,High School,Standard,Completed,5.0,8,66.55756567901778,77.16994580391278,83.22044204108906
Male,Master,Standard,,0.0,20,33.65026022205307,47.72555503046505,36.34009855702621
Female,Associate,Free/Reduced,,5.0,12,67.87593305763362,64.04722576773116,70.15265070712344
Female,Master,Standard,Completed,1.0,18,53.27222028983986,50.12536237498977,59.05765825921634
Female,High School,Free/Reduced,Completed,2.0,13,62.39489380270135,62.44318021316164,62.111624021609785
Female,High School,Standard,,2.0,19,59.191312953914064,46.74217640078717,46.500461266999636
Female,High School,Free/Reduced,Completed,4.0,17,66.57228375492791,74.79054608652169,74.06532712928656
Female,Bachelor,Free/Reduced,Completed,8.0,12,89.24943443309519,92.73412470026514,94.28421653317369
Female,PhD,Free/Reduced,,7.0,19,76.80883599874545,69.26410219061111,67.44734146744261
Female,Master,Standard,,4.0,15,55.62428926787078,65.75408581588135,66.55005033495142
Female,High School,Standard,,3.0,11,63.85380940922545,52.87849953106273,57.052687449983665
Female,High School,Standard,,0.0,12,44.96395729246831,31.429570847020855,48.55652120044687
Male,PhD,Free/Reduced,,5.0,7,,71.11117075654983,57.64651192325733
Male,Bachelor,Standard,Completed,10.0,5,100.0,97.64478901783161,90.02422810866233
Female,Associate,Standard,,3.0,20,58.67669739726894,53.049339351877876,50.07286543720299
Male,High School,Standard,,2.0,10,58.0807515304916,50.4689020493194,48.041622843975986
Male,Associate,Free/Reduced,Completed,4.0,1,60.71169836536143,67.53437878691199,74.78236182345759
Female,PhD,Free/Reduced,,9.0,12,84.14494159890546,78.62468979793417,75.2690930992725
Female,High School,Free/Reduced,Completed,6.0,14,85.5282446346329,80.04746945685963,77.48717223803946
Female,Bachelor,Standard,,6.0,9,77.61487080688337,61.241338389550215,73.23068869204317
Male,PhD,Standard,,2.0,7,53.369290079665085,42.74697210691237,57.71482136086499
Male,Master,Free/Reduced,,6.0,16,74.71377148628733,65.62774961965218,63.41152094134316
Female,Master,Free/Reduced,Completed,4.0,6,62.07165770577063,64.60259855910199,70.45318571197605
Male,PhD,Free/Reduced,,9.0,16,80.94827110919331,84.42019347943189,89.41682617189579
Female,PhD,Free/Reduced,Completed,8.0,7,,96.62836559783713,99.55109983862383
Female,Master,,Completed,9.0,14,98.66871312191111,87.02963713820087,90.92164365519345
Female,Bachelor,Free/Reduced,,,14,60.208808241025395,67.64023046730998,61.78441953331262
Male,Associate,Free/Reduced,,6.0,15,66.10449476509669,66.58015560893962,61.447877829934704
Female,High School,Standard,,,16,52.99060890560335,55.61142520756101,60.70561615179618
Female,Master,Standard,Completed,0.0,8,46.06422350606941,52.070396928507556,42.373077466493655
Male,Master,Free/Reduced,,4.0,12,65.96292747677757,66.78636818532047,52.073548743910834
Female,Master,Free/Reduced,Completed,4.0,5,61.132954471028555,66.83840639405231,71.16271252332346
Male,High School,Standard,,7.0,17,77.6169147654238,84.43434787312509,70.3675730787377
Male,Bachelor,Standard,Completed,9.0,7,100.0,85.09199949963178,88.55163730456157
Male,,Standard,Completed,5.0,20,79.96547184342487,79.09031748692355,84.72157805325963
Male,Bachelor,Standard,Completed,1.0,9,52.47781614525956,57.9704697608166,51.36656395226693
Female,Associate,Standard,,3.0,2,59.25565769228892,48.12990581840653,45.290009276885385
Male,Bachelor,Free/Reduced,Completed,,19,85.73435200788602,93.8982517316805,88.63863137323554
Male,Associate,Free/Reduced,Completed,4.0,20,64.36369643060463,72.77962492436448,77.80848099017362
Male,Bachelor,Free/Reduced,Completed,3.0,15,59.71226641375729,61.19191402730965,60.90448547744147
Female,Associate,Standard,Completed,0.0,11,50.50815815402876,41.95129538809709,49.9655284959654
Female,Master,Standard,,0.0,17,44.204153947311404,47.44485233723138,39.53628571687207
Female,High School,Standard,,1.0,0,41.39115032229378,36.08785890302918,54.57310400599647
Female,Master,Standard,,10.0,18,95.17580006428211,89.57723196766338,95.0114617053719
Male,High School,Standard,,5.0,8,70.40309291056265,60.596309232634866,65.78595960611831
Male,High School,Free/Reduced,,10.0,13,88.00215412361408,93.42278913039007,97.81419755783998
Male,PhD,Free/Reduced,,6.0,16,70.65864566672572,76.19335155567848,62.31192318640546
Female,Master,Standard,,2.0,14,45.36666438663615,55.032833373740935,56.05414146219603
Male,PhD,Standard,Completed,5.0,11,73.96651424715142,75.37132426355545,78.17282109499249
Female,High School,Standard,Completed,10.0,1,95.19306586181098,95.61202428671578,90.40801599375457
Male,High School,Standard,Completed,,15,83.87922804680711,89.63273076464688,90.1522594422281
Female,PhD,Free/Reduced,Completed,6.0,3,83.55272394459496,89.19442570725609,72.41240732799534
Female,Bachelor,Free/Reduced,Completed,7.0,7,91.26252185265263,90.54756234734623,92.79930448564139
Male,Master,Standard,Completed,8.0,13,85.3786271820183,81.04093181562915,95.01434050881173
Female,High School,Standard,Completed,5.0,13,68.75303690640072,70.76902145424688,69.69575473194652
Female,High School,Free/Reduced,Completed,0.0,3,54.358823558963174,49.32827814970532,53.549217793509214
Male,Associate,Standard,,2.0,11,44.71640352144951,44.792203004843884,43.07743907126388
Female,Master,Standard,,1.0,13,48.87710173183567,53.648489712913666,44.08562111653757
Male,PhD,Free/Reduced,Completed,4.0,8,63.30629109158095,64.2272613453793,66.82507872131168
Male,Bachelor,Free/Reduced,,0.0,15,36.88462432993305,45.35172097539027,30.43952427989656
Female,Associate,Free/Reduced,,1.0,14,35.85507281651604,50.61774297302747,42.810100371623754
Male,PhD,Standard,Completed,0.0,12,51.91152527071557,44.55636591874214,43.40116101643663
Female,Master,Free/Reduced,,2.0,14,55.05846114254011,44.318768699406675,48.39418014122965
Male,Master,Standard,Completed,8.0,18,,83.54609433011728,94.82438039980104
Female,PhD,Standard,,0.0,3,31.51388447893998,31.969752361954175,38.85795978774783
Female,High School,Standard,,9.0,17,78.62293418549314,76.33150376976737,83.05014779402984
Female,High School,Free/Reduced,Completed,5.0,0,75.38769923031691,83.38712482517451,79.83231963217976
Male,PhD,Free/Reduced,Completed,3.0,13,74.43194911007966,60.42190801463916,57.994520404283776
Male,Bachelor,Standard,,4.0,13,64.18654607078665,63.37345024285309,62.662220858652404
Female,Bachelor,Standard,Completed,5.0,2,84.66250649280308,73.0666910970298,80.4961172795806
Male,Master,Free/Reduced,,2.0,4,55.91096514265608,55.98530168237796,48.303734882704944
Male,Master,Free/Reduced,Completed,7.0,8,79.07518202440895,91.20214773848214,87.78223923370986
Female,PhD,Free/Reduced,,3.0,12,48.690946280411154,53.026256752793756,45.765338200821105
Male,High School,Free/Reduced,,0.0,10,49.14249793590098,34.90011270496277,43.10330200094789
Female,Associate,Free/Reduced,Completed,4.0,4,64.12818154999285,77.40453547923114,77.34677610876786
Female,Bachelor,Standard,,3.0,5,53.52035497437222,54.28890276422693,61.22342027811594
Male,High School,Free/Reduced,Completed,7.0,4,93.93758584429236,76.28602474508058,93.54194611575087
Female,PhD,Standard,Completed,1.0,17,51.101634525444894,51.169506524885065,55.79831175201792
Male,Master,Standard,Completed,7.0,18,81.79363243097055,75.36131736772158,83.45076865510508
Male,PhD,Standard,,6.0,0,79.82781117917132,64.87373466582957,65.92169972256119
Male,Bachelor,Free/Reduced,Completed,0.0,10,46.83537848763695,58.95952670217745,51.341883240763266
Male,Bachelor,Standard,Completed,7.0,7,83.3858212943193,78.7857169778027,80.78040776544393
Female,Master,Standard,,5.0,8,73.27274657717352,57.85576368661675,72.32003873290353
Female,Bachelor,Free/Reduced,,9.0,7,90.20135141312127,80.0521532932323,84.32226346492007
Male,PhD,Free/Reduced,Completed,6.0,6,73.12874537558186,72.19896048202713,80.2928781548184
Male,Master,Free/Reduced,Completed,4.0,7,63.8808817192348,66.07618373148266,79.51762573945878
Male,Associate,Standard,,6.0,9,66.69892859918349,71.99030180348646,70.92556851205823
Female,PhD,Free/Reduced,,2.0,17,53.420877413189984,55.44338110367027,52.737253239393986
Male,Bachelor,Standard,Completed,5.0,9,77.70251507575678,75.846252928645,79.39449304474395
Male,Associate,Standard,Completed,1.0,5,58.48933025570764,51.32201339624375,58.42884258115697
Male,High School,Free/Reduced,,5.0,18,63.45845273200207,72.94019664036813,67.01614559827998
Male,Associate,Standard,Completed,3.0,18,,72.00494287525424,63.64937106753446
Male,High School,Free/Reduced,Completed,5.0,14,73.29797369531504,79.43313746732694,82.04433903735071
Male,PhD,Standard,,3.0,11,62.708634607840295,58.75863727895077,62.891185558140045
Male,Associate,Standard,,3.0,14,53.7361672596958,52.20621150962398,45.436221125714326
Male,Associate,Free/Reduced,,5.0,5,65.99935416710218,58.56920288831566,64.29786067618275
Female,High School,Standard,Completed,4.0,20,63.557418878798586,66.05449593285468,72.89441715377124
Male,,Standard,Completed,3.0,14,55.930137690074595,56.091886959604736,60.28515555798882
Male,High School,Standard,Completed,9.0,14,100.0,97.21141965360987,88.90055475493237
Male,Bachelor,Standard,,9.0,3,83.28745214574515,89.50777429945705,78.7277305009879
Female,High School,Standard,Completed,7.0,15,77.4161204783521,87.37808068307982,83.23511237815252
Female,High School,Standard,,,4,78.04324541883568,66.40926192933578,69.44888024289412
Female,Bachelor,Standard,,9.0,5,77.28166199248534,91.34708289624146,75.40274309924956
Male,PhD,Free/Reduced,,5.0,19,61.0215531754712,57.84226764207972,68.69139334769062
Female,High School,Free/Reduced,,7.0,18,84.1172220073483,75.2012021503103,67.27874018858901
Female,Master,Standard,Completed,0.0,2,46.66356986447497,44.76798281438795,58.25771949694239
Female,Master,Free/Reduced,Completed,2.0,4,,62.903969468706805,50.605528554303575
Female,PhD,Standard,Completed,2.0,6,57.17501936298307,58.63567407193402,65.95028025322758
Male,Associate,Standard,Completed,,18,,45.02509154770317,54.716318493028055
Female,High School,Standard,Completed,9.0,19,100.0,88.11737106623528,99.18408288665088
Female,Bachelor,Standard,,2.0,6,40.38659501180222,59.01773856097349,41.33764684108385
Female,Bachelor,,,8.0,5,87.17019204374584,70.85798062346335,79.9007500972983
Female,Master,Free/Reduced,,10.0,20,83.81726257210079,97.67716399958638,95.27349748047743
Female,High School,Standard,,8.0,0,82.22887191546948,87.10653729462203,77.64105192807318
Male,PhD,Free/Reduced,,1.0,16,,47.489554577040984,51.54701325215019
Male,Bachelor,Free/Reduced,Completed,1.0,18,53.064586195472955,55.72762979475432,56.44107711644072
Female,,Free/Reduced,,4.0,14,69.9702587028201,59.54613929455468,62.81735582813933
Female,Associate,Standard,Completed,8.0,7,89.46748614353807,99.60978747671227,83.65390214132748
Female,PhD,Standard,,0.0,13,33.426511052559825,38.72995658420669,39.0457427729934
Male,High School,Standard,,5.0,1,70.36944102674465,61.196271590372625,71.82621137175416
Male,Master,Free/Reduced,Completed,5.0,11,80.38685080965516,75.04707401101479,74.56598250466196
Male,High School,Standard,Completed,2.0,1,61.09241553244047,59.27691606271585,67.6171059399454
Male,Master,Standard,,7.0,6,66.70550201663781,73.01244175711071,77.83036609302977
Female,High School,Free/Reduced,,0.0,1,40.28931652400409,43.0848625920973,49.56430413680292
Male,Master,Standard,Completed,2.0,6,66.36844410229727,61.57269148603866,51.34050531556221
Female,Bachelor,Standard,Completed,9.0,3,90.83092257268524,92.46154289398508,97.9203425944157
Male,High School,Free/Reduced,,3.0,2,62.71570069387564,49.484428405151355,53.71820044223341
Female,PhD,Standard,Completed,5.0,7,84.51063521241402,65.30941296636578,78.51093502352059
Male,Master,Free/Reduced,Completed,0.0,0,58.926610366976014,50.649648798592445,40.86407515038769
Female,Associate,Free/Reduced,Completed,5.0,2,75.93135305030265,80.5818827325979,67.4448520156441
Male,Bachelor,Standard,,7.0,12,68.18373395528818,82.06257749265545,75.66852485587958
Male,Bachelor,Standard,Completed,1.0,3,57.514722043961456,49.59773619480085,58.61233693449029
Female,Associate,Standard,Completed,,9,100.0,100.0,90.1168814250501
Female,Associate,Standard,Completed,8.0,19,89.78266169223205,80.71960093325893,81.27440545421203
Male,PhD,Standard,Completed,0.0,1,46.780481182811194,52.438851152637106,54.64711590071846
Female,High School,Free/Reduced,,8.0,5,87.85114067126575,71.42032284649491,72.75503353750861
Male,PhD,Standard,,,15,50.52569167867068,49.98522585675939,45.83066340577208
Male,Master,Standard,,9.0,4,78.92552848356613,77.38917536263244,76.63908141511577
Male,Master,Standard,Completed,1.0,0,63.50429460817972,46.840866586455135,50.20424922632941
Male,Master,Free/Reduced,,8.0,6,82.94764939248984,81.38091623241336,82.38399093102967
Male,Associate,Standard,,3.0,10,49.390922084137124,51.76834560877221,60.38141673572859
Male,PhD,Standard,,3.0,19,61.97598006189436,50.53445890497822,46.67069969638309
Male,Master,Standard,Completed,5.0,12,,80.5550938432323,66.92202599364009
Female,High School,,Completed,10.0,7,100.0,94.64668260451799,100.0
Male,Associate,Free/Reduced,Completed,6.0,0,89.29730252648969,86.43032264710413,83.51141620856458
Female,Master,Free/Reduced,,6.0,12,67.07009892346784,65.75147376858536,73.01763929066578
Female,PhD,Free/Reduced,,0.0,0,38.95644956596234,44.75371972420136,42.448379442908276
Female,Bachelor,Standard,,2.0,7,43.75076219954121,55.67546623864794,40.175319895974546
Male,Master,Standard,Completed,,0,66.56395535741396,72.33547726593645,72.28796829535534
Female,Associate,Standard,Completed,2.0,10,55.752163396225214,69.10945346034997,68.66728217837168
Male,Master,Free/Reduced,Completed,4.0,19,70.10114959089462,77.96799501954494,77.38556999889346
Female,Master,Free/Reduced,,0.0,20,30.33034006163409,30.255916326266984,31.15390889953036
Female,Bachelor,Free/Reduced,Completed,5.0,17,73.09912482541773,71.09148349021638,73.91265183310435
Male,Associate,Standard,,1.0,19,37.13211659531933,39.06538972081676,51.51237714411505
Female,Bachelor,Standard,Completed,6.0,10,80.56936139135809,70.27612079638195,78.14607532613354
Male,Bachelor,Free/Reduced,,2.0,20,54.162027444258186,52.280077743430695,53.50711944356601
Male,PhD,Free/Reduced,,4.0,1,68.78538190776325,59.235551493310496,63.71932974685881
Male,Associate,,,7.0,13,80.13846555242388,69.97893600439545,66.42042574607031
Male,Bachelor,Standard,Completed,3.0,19,72.21074160025029,62.23822634221959,74.46897485551543
Male,Associate,Standard,,4.0,16,68.57609504900756,50.352990963746215,64.59123898424005
Male,Master,Free/Reduced,Completed,0.0,19,55.99017672697557,56.03421428563553,48.417587293975934
Female,Master,Free/Reduced,,5.0,13,58.619115848155104,56.73148537651819,56.63996275814857
Male,Associate,Standard,,5.0,20,59.77724437336232,55.78427149758322,60.90879937385603
Female,Associate,Free/Reduced,,2.0,14,54.588949872960804,44.28162846682905,43.61074394730449
Male,Master,Standard,Completed,0.0,4,40.39232616371101,54.10281412023525,41.03652166459035
Female,High School,Free/Reduced,Completed,7.0,12,75.41381333359926,83.09224867394484,91.58155583118071
Female,High School,Free/Reduced,,6.0,9,67.95090971864299,65.43768468870891,67.40389894467583
Female,High School,Standard,Completed,0.0,13,45.29950558315668,57.61082087948897,50.23670799537566
Male,Master,Free/Reduced,,8.0,18,88.01736113640317,81.57687507826567,86.88135991116022
Female,High School,Free/Reduced,,8.0,2,81.02876809127928,75.08282243347446,82.8890336301715
Male,PhD,Free/Reduced,,0.0,11,45.79120682991698,49.43016380695916,44.20736571541414
Male,Master,Free/Reduced,,5.0,9,69.87663050024238,72.24791148048199,63.97672593381557
Female,Master,Standard,Completed,4.0,6,67.76636114573863,72.0832568465641,75.52434263692247
Male,PhD,Standard,Completed,10.0,6,100.0,97.33899046978257,94.49792655817963
Female,Bachelor,Standard,,7.0,19,84.030670653021,77.60341823288074,82.19141761560304
Female,High School,Standard,Completed,7.0,8,87.18428125192253,92.40559437206521,76.92381666292187
Female,Bachelor,Standard,,0.0,19,48.773493637639994,38.81232259304757,31.360718727290944
Female,Bachelor,Free/Reduced,,7.0,10,66.17247342854701,76.23776355073858,72.76699432692423
Male,High School,Standard,Completed,2.0,5,63.00172473461885,55.09512521683075,61.40487561378838
Female,PhD,Free/Reduced,Completed,9.0,11,92.21876409061937,86.45335967146603,100.0
Female,PhD,Standard,,7.0,1,70.47980753359376,82.89924362716025,76.02104120685004
Female,High School,Standard,,6.0,3,,73.28435522748464,65.44731815116415
Male,Associate,Standard,,9.0,4,93.11894888343622,87.39771655958212,86.00799898113448
Male,PhD,Free/Reduced,Completed,5.0,3,,67.67201641729689,71.94317954082669
Female,Bachelor,Free/Reduced,Completed,5.0,5,84.28560699119186,74.11920475375024,76.69615518172299
Male,High School,Free/Reduced,Completed,4.0,14,62.30350742475393,70.05210022343554,60.46976024316892
Female,High School,Standard,,,15,57.25326008998334,54.344731169657884,52.979671606716096
Female,Master,Standard,,3.0,11,55.46978644646481,64.97097181401084,52.064873499647526
Male,High School,Standard,Completed,0.0,6,45.35063473571237,58.53179100985645,58.25814279647743
Male,PhD,Standard,,3.0,20,49.82646890599034,52.959907369123954,46.88083092328993
Female,Bachelor,Free/Reduced,Completed,9.0,14,100.0,90.15062928842205,87.90244814473225
Female,PhD,Standard,,10.0,20,93.5699097698121,82.53943735323608,86.45755603133077
Female,Master,Standard,,0.0,20,48.25595963584426,33.4410841743872,34.29662592510172
Male,Master,Standard,,10.0,18,96.30769663011738,82.38376264947743,92.79039782698744
Female,Associate,Free/Reduced,,10.0,19,90.92832151175033,97.30413129831518,82.40457734066342
Male,Master,,Completed,3.0,10,71.96353349191789,68.09561942630111,68.37111491631694
Male,Master,Standard,Completed,2.0,16,56.14825469573594,67.3084621973596,51.641735213336965
Male,Master,Free/Reduced,,0.0,17,38.53247762950959,31.856900438460936,32.13733706095699
Male,PhD,Standard,,3.0,8,63.218329704868836,63.48275606559241,60.6562827695828
Female,Bachelor,Free/Reduced,,9.0,16,92.14533018258129,90.09228703854974,91.50177673010822
Male,Associate,Free/Reduced,,,11,43.88376393383254,37.21461907108653,41.62423731274869
Male,Bachelor,Standard,Completed,,11,59.687684893496666,65.26278518700119,66.80674165859901
Female,Associate,Free/Reduced,,6.0,5,73.05755466510789,62.02214390795033,74.72281734291792
Female,PhD,Free/Reduced,,4.0,5,,50.40140156986397,52.397733368159344
Female,PhD,,,1.0,8,41.12177002165101,36.14784290605459,38.52307806264287
Female,PhD,Free/Reduced,,2.0,2,,54.382584565390175,42.10513935067996
Male,High School,Standard,Completed,9.0,8,93.53181155748231,97.27372191375109,99.9948145295518
Male,Master,Free/Reduced,Completed,2.0,7,,59.50889189156757,53.64041779919853
Male,PhD,Free/Reduced,Completed,3.0,18,61.13766510856135,55.89053690627986,58.35367929297151
Female,High School,Free/Reduced,,3.0,1,49.42747012220684,53.344114061592656,50.65903622533524
Female,Associate,Free/Reduced,Completed,1.0,15,61.21544368354908,58.79275691878759,59.56844049706005
Male,Bachelor,Standard,Completed,0.0,3,46.61804218248746,51.745236301502175,49.75183130231423
Female,PhD,Free/Reduced,,3.0,13,54.973962267044385,63.5353613566359,46.229570657847844
Female,High School,Standard,,2.0,12,42.9390901006895,42.6273483135844,49.06141837449576
Female,Associate,Free/Reduced,,0.0,7,40.71799451378364,31.343866292991443,31.165668478163397
Female,Bachelor,Free/Reduced,,6.0,14,78.88078960994221,72.97134418113819,64.07983802202081
Female,Master,Standard,,8.0,5,74.65641617942855,81.68178434894973,89.00584908375342
Male,PhD,,Completed,1.0,16,46.60833728333497,52.21338325047344,49.740771268622474
Male,PhD,Free/Reduced,Completed,3.0,6,71.73436610195657,66.91397836972035,59.305562949369204
Male,Bachelor,Free/Reduced,,5.0,13,72.47577266168821,64.32587208884331,74.23481117472022
Male,High School,Standard,,2.0,6,53.987329559069806,45.83707291027117,42.511284275770684
Female,High School,Free/Reduced,,6.0,18,66.8149996935609,64.97847185605228,74.89368737882225
Male,Associate,Free/Reduced,,6.0,3,73.62502068545389,71.37474120524648,68.37823812420477
Female,PhD,Free/Reduced,,0.0,15,44.058975982187256,42.51647037120803,34.123405438374576
Male,Bachelor,Free/Reduced,,5.0,1,63.49513606040429,55.99705400933874,57.24641042431299
Female,Master,Free/Reduced,Completed,5.0,1,82.4285434352074,74.09175990383257,65.94573878048318
Female,Master,,,7.0,3,71.21055105084181,81.39910555417067,82.7832454107538
Female,Bachelor,Standard,Completed,3.0,11,73.60650903563476,62.94301706555993,66.15195879623738
Female,Master,Free/Reduced,,1.0,18,,36.811503009390954,37.665744654434775
Female,High School,Standard,,,4,66.25499711141148,72.31725365483338,69.61940165910481
Male,Associate,Standard,Completed,1.0,17,52.190626042842375,59.89255151687879,63.41347502152362
Male,PhD,,Completed,2.0,9,57.73316908883127,58.61854642259775,50.06039446383295
Male,Associate,Free/Reduced,,7.0,10,74.2519638872625,82.71995590250614,79.683240288149
Female,High School,Standard,Completed,0.0,15,45.416663033675654,40.25441830851953,52.3248510899071
Male,Bachelor,Free/Reduced,,9.0,8,77.03182801521734,86.72232112948947,84.60700699118743
Male,Master,Standard,,1.0,17,,35.3605917642668,38.533150628238495
Male,Bachelor,Standard,,6.0,2,69.0242314236088,71.18919078704819,75.72394298183595
Female,Bachelor,Standard,,7.0,2,76.22150583565139,72.66349511470284,77.95874661867454
Female,Bachelor,Free/Reduced,Completed,1.0,2,57.42831553153985,51.29682038651393,63.28249079858752
Male,PhD,Free/Reduced,Completed,5.0,14,76.92507792928784,84.44021735704044,72.88768514128216
Female,High School,Standard,Completed,2.0,19,63.22973528613669,57.41438906291061,51.4778972028529
Male,PhD,Standard,,0.0,0,,42.36723196903665,36.85285317234907
Male,PhD,Standard,,8.0,11,72.25460326639359,82.89419378289713,87.61125876379741
Female,Master,Free/Reduced,,0.0,6,46.98315283309819,32.79257008017162,31.118760019320124
Female,Master,Free/Reduced,Completed,4.0,12,76.07679115675904,75.76547720133907,69.10976369417526
Male,Master,,Completed,10.0,20,93.84362071893415,100.0,100.0
Male,High School,Free/Reduced,,10.0,19,98.25963279423954,87.0366636735889,90.66685789868922
Female,PhD,Standard,,3.0,18,52.70791351730734,45.242483642726086,45.95919376316364
Female,Associate,Free/Reduced,,4.0,19,51.40711003527002,55.4696603049051,62.941832737178984
Male,Master,Standard,,2.0,16,58.9921281966311,43.36415443605471,52.135066176581404
Male,Master,Standard,,1.0,17,36.25472023428412,44.32102365124307,51.5409422299135
Female,PhD,Free/Reduced,Completed,8.0,1,93.76625666893352,90.11773434746988,87.10599720978998
Female,High School,Free/Reduced,,7.0,13,75.54367045931613,84.08022678338793,65.31108394277472
Female,High School,Standard,Completed,7.0,10,81.79086539930545,87.7120875673773,92.51703231493686
Female,Master,Standard,,3.0,16,62.743184908106976,59.615265844492406,47.7069222197875
Male,Master,Standard,Completed,8.0,2,87.05559936416233,84.55923824119766,84.89655818177887
Female,Associate,Free/Reduced,,7.0,13,68.77206514749408,80.94236612949673,65.1685525483421
Female,Associate,Standard,,6.0,11,71.7697641594689,71.32912374422075,79.97045697395806
Female,High School,Standard,Completed,7.0,2,81.09657101272278,84.53544694471319,90.29149792224113
Female,PhD,Free/Reduced,Completed,10.0,17,100.0,100.0,93.8444958858069
Female,Bachelor,Free/Reduced,,5.0,2,72.15385111526199,71.76016073638795,62.7332608025215
Male,Associate,,Completed,9.0,12,100.0,100.0,85.42298218158766
Male,Bachelor,,Completed,3.0,2,73.48288045191084,61.40483016514436,56.25778039763797
Male,Associate,Free/Reduced,Completed,6.0,11,76.8056534173534,81.10475504038612,85.33958102060521
Male,High School,Standard,Completed,9.0,13,87.5083560114,87.29471293329875,98.66373501715731
Female,PhD,Free/Reduced,Completed,6.0,12,79.50349236821593,72.82792064703766,72.30881703576652
Female,High School,Free/Reduced,,2.0,12,,59.61303475131716,47.553638803046866
Female,High School,Free/Reduced,,4.0,4,68.52383067017747,61.762188519366106,62.85615953037838
Male,High School,Standard,,2.0,10,43.37350525979545,49.55140937553795,43.9841772287474
Female,Bachelor,Free/Reduced,,9.0,8,79.9206769171378,76.31915805080146,79.99084918309778
Female,Bachelor,Standard,,4.0,6,64.59116084669321,50.65635892013249,65.61115400600058
Female,Bachelor,Standard,,6.0,20,63.27836056919022,60.61796927493096,70.28655889705061
Male,Master,Standard,Completed,3.0,5,65.11333512662661,57.33770424520521,62.47520268181174
Male,Bachelor,Free/Reduced,,0.0,8,49.16965037888144,44.99267459895584,30.18063420257362
Female,Associate,Free/Reduced,,1.0,15,51.02649751538597,45.58033555870175,42.494849777326586
Female,Bachelor,Free/Reduced,Completed,,2,70.80437474883104,75.40168582343856,71.55222395745409
Female,Bachelor,Standard,Completed,1.0,7,60.53496457900195,62.100573449656125,52.11404197106642
Male,Master,Standard,Completed,7.0,2,84.06562837440256,84.27750160859048,79.76083039916352
Male,High School,Free/Reduced,Completed,,12,74.45067754346542,59.38426954025728,65.03457882857589
Male,High School,Free/Reduced,,5.0,1,68.38198573531888,70.38039668841184,66.37497049720294
Female,Master,Standard,Completed,,19,81.4127464823876,89.58383168530646,83.56680245314611
Male,PhD,Standard,,7.0,4,77.5844470841215,78.3055005747443,66.53431345653645
Male,PhD,Standard,Completed,9.0,16,95.68145206141203,100.0,91.70678297646835
Female,High School,Standard,Completed,,8,52.49114378350798,63.602825652783366,53.105784879847974
Male,Associate,Standard,,9.0,20,80.31827650612225,75.68146638412365,89.96130590240121
Male,High School,Free/Reduced,,0.0,2,44.32068725322918,45.455878686134426,44.61923596948124
Female,PhD,Standard,,0.0,6,46.08214176575846,44.284592238130074,49.006601458528785
Male,High School,Free/Reduced,Completed,10.0,10,96.86052629545776,100.0,100.0
Male,High School,Standard,,3.0,20,49.149035888838206,54.651434154223296,54.636819445509914
Male,Bachelor,Standard,Completed,,2,88.00900037732019,79.51207452887562,83.51480655413354
Male,PhD,Standard,,5.0,13,60.147721598813135,66.16313461276337,67.23321420687466
Female,Bachelor,,,8.0,9,78.51358986818397,83.7526133600227,79.31430261322737
Male,PhD,Standard,Completed,,15,81.10803585199575,83.50877883828284,75.10297982258466
Male,High School,Standard,Completed,0.0,2,41.9013040700378,59.646533001745325,54.568309989390144
Male,PhD,Free/Reduced,Completed,8.0,12,82.43588873346326,93.98713225891363,93.92813106727351
Male,Master,Free/Reduced,,6.0,0,74.89341126824641,78.90105965146398,72.19220859880893
Female,Master,Free/Reduced,,6.0,16,60.877607068445386,77.52086516511501,76.18366519902493
Female,High School,Standard,Completed,9.0,12,91.55514778950703,87.14574837732934,85.35888839366731
Male,Master,Standard,,5.0,2,60.06812289255838,58.25803541733604,68.00195775779274
Male,Associate,Standard,,10.0,13,80.91490496187035,87.57662971573627,96.71153387662766
Male,Master,Free/Reduced,,7.0,11,77.0771189006442,83.97142135559213,67.53158052192539
Male,Master,Standard,,6.0,15,78.44327908088465,77.00482702483973,72.14508885322715
Male,Master,Standard,,2.0,3,41.97391899405669,51.33610434784083,48.903030631776545
Male,PhD,Free/Reduced,,4.0,19,50.961362178200595,51.98771447061084,67.11353148357824
Female,Master,Free/Reduced,Completed,7.0,14,78.47634483653779,76.3514270641808,77.58839184786561
Female,Associate,Standard,,0.0,5,45.61921558399996,42.16535273483949,38.46135184086749
Male,Master,Standard,Completed,5.0,1,77.36261056208242,75.35821988010339,66.92832795358511
Female,PhD,Standard,,2.0,9,50.96198907281925,41.97368910646783,46.98784628709101
Male,Master,Free/Reduced,Completed,1.0,15,61.57159093068515,62.236810845859054,62.96326310069048
Male,Bachelor,Standard,Completed,9.0,7,94.00102731171175,97.83208462635952,100.0
Female,Master,Standard,,10.0,0,88.65126923127343,99.76601757230148,92.8948928164848
Female,PhD,,Completed,3.0,20,58.48851274532805,73.48705233797564,64.58073619656805
Male,Bachelor,Free/Reduced,,7.0,10,73.94360443843306,78.68858337840413,72.54182771399728
Female,,Standard,,10.0,12,97.9078474340156,89.09103202250058,91.35170443316022
Male,High School,Free/Reduced,Completed,3.0,4,66.00018512485975,71.70614829519175,65.6871870510359
Male,High School,Free/Reduced,,8.0,7,74.03510403046977,75.82899537116745,89.4907860581595
Female,Master,Standard,Completed,4.0,4,73.31784354260017,64.01681455319866,69.79888110883323
Male,PhD,Standard,,1.0,7,51.70772203424284,50.571862326479696,36.42061876450588
Female,Master,Free/Reduced,Completed,8.0,1,83.09814819859623,88.91492401464714,90.48727089601564
Male,Master,Free/Reduced,Completed,0.0,11,57.15555976997594,51.14794794212176,45.04036663878586
Male,Bachelor,Free/Reduced,,8.0,9,83.46969533947654,84.24187818107382,72.289460881867
Male,Bachelor,Free/Reduced,Completed,9.0,20,85.82288418516255,92.69825339633108,98.6455271234207
Female,High School,Standard,,3.0,7,59.142320934467726,49.35223640061327,51.29509929737965
Male,Associate,Standard,Completed,0.0,11,58.645127727736444,51.30306183050955,53.23469980819977
Male,High School,Standard,,8.0,4,76.44579521600892,76.52355432023171,89.13877591029542
Female,Bachelor,Standard,,9.0,20,75.35002436557767,80.33699322513813,82.33730039874446
Female,PhD,Standard,,3.0,19,47.56771374510107,56.66702492372002,49.205840441797
Female,High School,Free/Reduced,,7.0,14,72.38873907758013,69.08063917037063,75.90042929476206
Male,Master,Standard,Completed,4.0,1,75.95844210369228,68.95459694012679,79.92449791329031
Male,PhD,Standard,Completed,10.0,10,100.0,95.48310806796786,100.0
Male,PhD,Standard,Completed,7.0,12,76.55807394662524,84.67629431259613,93.95594445572046
Male,High School,Standard,Completed,1.0,5,62.56357558829649,55.75903698760562,58.53979215168936
Male,Associate,Standard,,5.0,0,56.42918699596503,57.196928701959884,74.59903954169137
Male,,Standard,,5.0,15,58.4765319444667,59.287608470727676,62.897320497650064
Male,Associate,Free/Reduced,,10.0,7,84.51601532998548,82.20168706417753,92.87267637573062
Male,Bachelor,Standard,Completed,1.0,0,53.79043714231206,62.7488270702154,64.28266747525723
Female,PhD,Free/Reduced,,7.0,13,84.36645907459774,73.62601878696509,79.3771529118381
Female,PhD,Standard,Completed,0.0,1,41.53147790862135,47.77921344676834,46.552110169278336
Female,PhD,Standard,Completed,5.0,3,73.3768495490059,73.30645870459745,71.63371878650072
Female,,Free/Reduced,Completed,5.0,11,,79.82627466656332,67.32021034250143
Male,PhD,Free/Reduced,Completed,0.0,10,40.59126301137283,58.30483262732803,50.138202943537394
Male,Associate,,,5.0,0,71.99386679620213,57.706750297800795,57.234306458872524
Male,Bachelor,Standard,,5.0,8,66.38386578388383,69.11667160804222,65.83167902848086
Female,PhD,Free/Reduced,,9.0,6,94.21772031533934,86.74236739225653,94.41333138001576
Male,,Standard,Completed,4.0,11,79.04362423086022,64.58998724041771,77.31632591955757
Male,Associate,Standard,Completed,6.0,3,72.7194530609329,87.43786259992538,82.42511360727092
Female,Associate,Free/Reduced,Completed,0.0,2,56.5379300911161,50.72547047893438,48.57281817520115
Female,Master,Standard,Completed,2.0,10,51.196120763691624,62.271183295927216,51.63176191283327
Female,High School,Standard,,6.0,5,61.62037898891664,61.8528050122987,67.77875318615091
Female,PhD,Free/Reduced,Completed,3.0,1,67.21763794721217,70.03920692816004,62.89682248540112
Male,Bachelor,Standard,Completed,9.0,6,88.85677815459321,92.53917076094665,99.12061503062016
Male,Bachelor,Free/Reduced,,10.0,12,89.40822047950157,91.04767164693182,93.61373670695289
Male,Bachelor,Free/Reduced,,3.0,7,63.83356649992544,50.781647919398665,45.69820890092703
Female,Master,Standard,,5.0,3,69.24184195035436,68.52079110793669,56.06699585604023
Male,High School,Standard,,6.0,8,63.9241580551485,70.66749866928303,73.63239320246358
Female,Master,Standard,Completed,9.0,14,90.3011750029268,95.45890231367999,96.23465290702127
Male,Bachelor,Free/Reduced,Completed,10.0,4,93.55887879683239,93.93366549671077,100.0
Female,High School,Standard,,6.0,20,60.390748415630995,78.73302462074274,71.80097757358438
Female,Master,Free/Reduced,Completed,8.0,7,92.4877581382957,99.82308791323098,80.43565095993753
Male,High School,Standard,,8.0,16,76.52871448748813,72.35252452130499,70.51950835068415
Female,Associate,Standard,Completed,10.0,11,98.60432194398028,100.0,100.0
Male,High School,,Completed,9.0,15,100.0,100.0,93.52215451901743
Male,Associate,Free/Reduced,,1.0,5,51.98964969695142,42.78796491123629,49.27010791376087
Male,PhD,Standard,Completed,3.0,12,57.35112117083475,62.17472264859011,72.93304521899424
Male,Master,Free/Reduced,Completed,1.0,8,53.617936702118875,58.05788362339311,47.63481016749088
Male,,Free/Reduced,Completed,9.0,2,100.0,100.0,94.95661565726955
Male,Master,Free/Reduced,,5.0,17,64.43008438870895,59.852807145822126,73.87383347563788
Male,Bachelor,Standard,,0.0,6,,39.18025340533432,32.58050444114955
Male,High School,Free/Reduced,Completed,3.0,11,63.97687596182276,71.26155857030729,69.91331914255699
Female,Associate,,Completed,8.0,10,85.08343356648737,92.76290893716322,80.71466342014888
Female,Bachelor,Standard,Completed,0.0,3,52.87629975698078,52.833899112085454,43.10555949893536
Female,PhD,Standard,,10.0,9,90.03076759979359,94.33724133283192,92.0079215763081
Male,Associate,Standard,Completed,5.0,19,,67.62179602101811,78.5752097399422
Male,PhD,Free/Reduced,Completed,6.0,9,72.34775678743102,75.38396585669159,72.78971980591496
Female,Bachelor,Free/Reduced,Completed,5.0,5,67.54795299428106,65.12761772730038,72.81987872846257
Female,PhD,Standard,Completed,1.0,20,50.34813774995513,57.77047805683952,48.90404837661501
Male,PhD,Free/Reduced,,6.0,15,69.30996087401643,60.414825470013156,60.835406002636425
Female,Bachelor,Free/Reduced,Completed,1.0,16,52.215663635942825,61.41515159486944,60.27519230863392
Female,High School,Standard,Completed,7.0,7,89.02810197647742,85.49261731027615,81.98836483616813
Male,Master,Standard,Completed,5.0,20,,83.11567651290675,80.94307544349404
Female,PhD,Free/Reduced,,8.0,1,81.22887645810937,78.77415515578485,81.54977426466337
Male,Master,Free/Reduced,Completed,3.0,19,57.19160457556683,56.57239015802773,60.319572307374315
Male,High School,Standard,,4.0,20,69.66809378183453,63.311209609735045,65.0986819518378
Female,Bachelor,Free/Reduced,,1.0,14,46.77456693008642,50.182994805001485,45.32759798667574
Female,Master,Free/Reduced,Completed,6.0,14,73.00063222107181,77.14312398485947,85.13950033552031
Female,Master,Standard,Completed,1.0,13,58.053213534205014,61.885701753160696,48.04007667551842
Female,Bachelor,Standard,,4.0,20,69.24320996563264,65.51908803904452,63.834866936550156
Male,PhD,Standard,,8.0,1,76.92709375512808,73.81741460571614,81.16603640488245
Male,Associate,Free/Reduced,Completed,,8,99.04982639314686,86.39734391977326,94.46007801619753
Male,,Free/Reduced,,,9,48.3245590602587,51.327743800150074,51.896328080628415
Male,Bachelor,Standard,Completed,4.0,13,79.94066923003156,60.31767858449858,62.74154040860997
Female,PhD,Standard,,5.0,14,65.91404610946175,61.68424038954541,55.54712670349392
Male,Associate,Standard,,0.0,19,48.91150603286978,44.79665044145487,46.57809715429511
Male,Bachelor,Free/Reduced,Completed,6.0,11,82.73703697068501,79.96726344580252,78.2163894576654
Male,Associate,Standard,,2.0,10,52.55845158546585,46.777097502134694,46.76210581217593
Male,Associate,Free/Reduced,Completed,5.0,17,72.9095737062109,75.90313583444589,72.86193988260177
Male,Bachelor,Free/Reduced,Completed,10.0,19,100.0,100.0,91.1999427884366
Male,Bachelor,Free/Reduced,Completed,4.0,14,70.42403755461261,64.84511981777413,77.29452866100176
Female,Bachelor,Free/Reduced,Completed,3.0,17,71.65951809116578,57.15201031310976,74.55227213449524
Female,PhD,Free/Reduced,,4.0,12,56.98085822513501,62.264002510677855,64.39990705088456
Female,PhD,Standard,Completed,5.0,1,70.3893394202319,65.71930247145049,72.18253140566739
Female,Master,Standard,Completed,2.0,5,59.55834597880039,66.17979957792785,58.202510324432225
Female,Master,Standard,Completed,7.0,8,87.10450503848917,76.28402569997473,79.60676963188217
Male,PhD,Free/Reduced,,6.0,17,63.47540449059929,72.62215648257552,65.04272751593386
Male,Associate,Standard,Completed,9.0,18,,96.58914518638504,89.31612668769648
Male,High School,Standard,Completed,9.0,12,86.95002898729993,100.0,95.57395949943682
Female,Master,Free/Reduced,,9.0,13,85.18793410461929,87.26390109352282,91.5436969849392
Male,PhD,Standard,Completed,3.0,1,58.15980255137801,56.54793332534389,60.48223205909567
Male,High School,Standard,,5.0,2,56.16042985079255,65.77087926583418,67.67950277824413
Female,High School,Standard,Completed,7.0,8,79.05920416920343,75.91851434308535,75.71330163552182
Male,,Free/Reduced,,7.0,9,68.92469419735542,69.75638769710696,82.01963325940139
Female,Associate,Standard,,3.0,18,64.61395271390217,56.77150157679037,45.87098271722755
Male,PhD,Free/Reduced,,4.0,3,55.47824340223182,67.66499055278125,67.76191694272781
Male,Bachelor,Standard,,3.0,16,48.55710449549044,49.472974561042015,56.038774691673424
Male,,Free/Reduced,Completed,1.0,17,50.810768829659224,57.41288223556451,48.91233170288684
Male,,Free/Reduced,,0.0,17,33.925888323265696,47.44650540459836,47.23687197703214
Male,Master,Standard,Completed,3.0,0,61.597934681358666,64.78285141701112,67.63546800724926
Male,Associate,Standard,Completed,5.0,7,75.5112648344084,81.977012696148,70.83213872778305
Female,Bachelor,Free/Reduced,,0.0,1,44.756984977087725,30.778110085642947,34.74275710746724
Female,Master,Free/Reduced,,9.0,20,80.09819516907572,82.84788087394192,85.24374702830212
Female,Bachelor,Standard,Completed,7.0,3,84.96977279269518,76.83102074673955,77.01332741275021
Female,Master,Standard,,7.0,2,66.95106976430142,69.4413805456873,69.66284395869747
Male,PhD,Free/Reduced,,3.0,1,56.82596100709911,50.091554423141396,48.65632827727531
Male,PhD,Free/Reduced,,9.0,10,84.02714408263498,90.80014094183777,75.48435984171914
Female,High School,Standard,Completed,0.0,19,49.94649499547121,41.83493451035751,57.01115481504799
Male,PhD,Free/Reduced,Completed,5.0,0,77.91775270738599,71.74835808883158,84.0620630613851
Female,PhD,Free/Reduced,Completed,,15,,61.8114292854999,78.29011958693633
Female,Bachelor,Free/Reduced,Completed,5.0,17,73.47723153092466,79.47923276721104,72.50841398209262
Female,Bachelor,Standard,Completed,2.0,1,68.55708939526238,51.72288985315958,64.0678701207772
Male,PhD,,Completed,,16,67.96421962755018,57.30090569384262,58.88081663900761
Female,High School,Free/Reduced,Completed,10.0,12,98.7163353191115,100.0,100.0
Male,Bachelor,Standard,Completed,8.0,15,97.58002791673684,97.92935643244388,80.99585504100912
Male,Bachelor,,,5.0,13,63.63481110445055,73.09267129111936,66.29335033585085
Female,PhD,Standard,,10.0,8,84.35513354045702,83.64592640542266,89.43545768335964
Male,PhD,,Completed,6.0,14,82.32417887309593,82.52657140913992,82.090171972387
Male,PhD,Free/Reduced,Completed,3.0,1,74.8909129051737,73.68964435725232,69.47721499078655
Male,Master,Standard,,9.0,1,87.73178634965171,89.59854706773511,93.57757893640901
Male,Associate,Standard,,1.0,18,53.91068107630019,52.89538446161657,35.871146090444995
Female,Master,Free/Reduced,,,20,88.17489279953895,87.60211968456267,98.01586257289605
Female,High School,Standard,Completed,10.0,7,100.0,100.0,100.0
Female,Bachelor,Free/Reduced,,9.0,19,93.57416390570293,79.33468835055355,78.67569271606988
Male,Associate,Free/Reduced,,1.0,8,50.330076782427746,43.23127884478636,44.909687594056486
Male,Master,Standard,Completed,7.0,11,87.46547127265163,84.21721642293363,89.20427149867044
Female,Bachelor,Standard,,9.0,11,87.51883562350261,80.10056571935733,91.9616286835026
Female,PhD,Free/Reduced,,2.0,14,53.20360418040898,49.18544731420748,49.539110132856266
Male,Associate,Free/Reduced,Completed,0.0,20,56.20108769302733,57.98869607851669,40.304313552810065
Male,Bachelor,Standard,Completed,5.0,15,79.5636988020944,75.50327097377249,84.33716959965776
Female,Associate,,Completed,4.0,9,62.63051303182956,72.83480108756349,75.60782442262659
Male,Bachelor,Standard,Completed,,4,100.0,92.43835892875768,100.0
Male,Bachelor,,,4.0,12,64.18748951855613,58.891859299139355,60.12335200884506
Female,High School,Free/Reduced,Completed,3.0,2,57.56646065150599,69.8192362775896,56.043245801936344
Female,Master,Free/Reduced,,7.0,0,76.7048553358756,70.3623055341154,74.95683276010212
Male,Master,Free/Reduced,Completed,2.0,19,51.20296359387142,54.59023718434419,68.14313071108987
Female,High School,Standard,Completed,7.0,11,94.77996829219072,79.07766654999693,87.62952187906389
Female,Bachelor,Free/Reduced,Completed,3.0,14,57.51961071810356,56.17757792852227,62.144342266584026
Male,High School,Free/Reduced,,0.0,15,48.158645063787006,43.42244329713177,39.98096319521632
Female,High School,Free/Reduced,,7.0,4,83.65695347740711,71.14216932419426,68.2549582514803
Female,Master,Free/Reduced,,5.0,9,57.02489386523203,60.906569359514336,72.1800873459985
Female,Bachelor,Free/Reduced,,3.0,6,56.78692456757739,56.80313635774727,52.83260102281071
Male,High School,Free/Reduced,,9.0,13,82.48068398395057,90.40738424326707,85.7677904167832
Female,PhD,Standard,Completed,8.0,7,97.62852764857993,96.22869886248372,85.40717499866238
Female,Associate,Standard,Completed,4.0,4,79.64517497107131,68.49354278577438,79.87712406588244
Female,Bachelor,Free/Reduced,Completed,3.0,10,61.25729019515428,56.02614587822278,63.29473364241128
Female,PhD,Standard,Completed,0.0,8,41.79148039562199,56.343246414689084,40.66076575195707
Female,High School,Standard,,3.0,4,54.57757901664583,50.57791547564803,62.39743007439443
Female,High School,Free/Reduced,Completed,8.0,11,86.26236799325511,88.884164023288,93.96944098878313
Male,Master,Free/Reduced,,3.0,4,63.81607119179067,45.32322411099801,46.517106133598176
Female,PhD,Standard,Completed,5.0,13,67.67904614742025,67.60815623087615,67.44343480116147
Male,,Free/Reduced,Completed,1.0,14,49.83832904115522,48.5177416334596,58.3390836783617
Female,Bachelor,Free/Reduced,Completed,8.0,12,80.55759995109217,90.22873902718726,84.95464544320329
Female,Associate,Free/Reduced,,6.0,4,73.372869816968,77.31868055570298,64.00538977448406
Male,Master,Free/Reduced,,7.0,5,67.9902434490022,73.4665575033262,83.53567317732067
Male,Master,Free/Reduced,Completed,5.0,7,77.41096151111033,81.78838753091244,65.05504306273897
Male,High School,Free/Reduced,Completed,9.0,13,88.52683462404786,87.10763345804239,96.5331046127026
Female,High School,Free/Reduced,Completed,0.0,16,49.77770338411543,41.38211838356089,48.21908491730886
Male,Associate,,,7.0,20,81.86622549058177,82.12118353634588,73.59218807279457
Male,Associate,Standard,Completed,7.0,14,92.59284032160353,90.22771924301955,83.36591363018803
Male,Master,Free/Reduced,Completed,3.0,0,66.12229984427371,66.46328340565087,56.99286431882708
Male,Bachelor,Standard,Completed,10.0,13,100.0,90.69762932548024,91.29083809231953
Male,Master,Free/Reduced,Completed,2.0,20,64.96883416807249,53.401395894783896,55.42476242565431
Male,High School,Standard,,6.0,4,67.59385169471565,74.7592245364342,79.55324782298493
Male,Associate,Standard,Completed,9.0,0,92.84360707236988,88.20666839053551,100.0
Female,Master,Free/Reduced,,8.0,6,70.23545733136366,77.40562947599113,83.05071381766797
Female,High School,Standard,Completed,8.0,2,92.96584822778921,91.82098677550135,85.40663432118872
Female,Associate,Standard,Completed,6.0,1,88.44800938775153,84.08604745627375,74.53428883787768
Female,Master,Free/Reduced,Completed,7.0,1,93.62590156106822,85.11709984350793,81.89614729573961
Male,Associate,Free/Reduced,,4.0,19,64.19588205032127,68.92365341026115,60.15053498452755
Male,Master,Standard,Completed,4.0,19,63.58742920056726,60.464429756069464,78.36431092116075
Male,Bachelor,Standard,,4.0,10,56.01987131948213,60.193113730681134,61.474779511083014
Female,PhD,Free/Reduced,Completed,6.0,4,80.44301629810951,82.23427965138335,83.39121801252523
Male,Associate,Standard,Completed,10.0,5,100.0,100.0,100.0
Female,PhD,Standard,,8.0,2,81.93418760507573,86.8986045859736,75.89132199870365
Female,,Standard,,3.0,14,56.6651176300758,52.78002065862758,51.453541490533816
Female,Master,Free/Reduced,,,0,37.86191411051024,38.70176958575442,36.746148189341866
Male,Associate,Free/Reduced,,9.0,0,94.4486687128616,76.15951845978806,77.6666270558421
Female,High School,Standard,,4.0,9,,69.91550677050712,65.57154043273385
Male,Master,Free/Reduced,Completed,4.0,8,67.07208564766186,64.55580987523227,66.63985078448641
Female,Associate,Standard,,8.0,3,88.44180173241233,72.97319030371042,76.04633079944186
Female,Bachelor,Standard,Completed,8.0,14,90.07072201761491,89.76615434508025,91.83737160757781
Male,Master,Free/Reduced,Completed,10.0,13,100.0,99.88802383687946,100.0
Female,Master,Standard,,10.0,9,98.74387147649956,96.9243898019223,81.21651490274127
Female,PhD,Standard,,1.0,7,54.185936233812946,41.93596018069353,39.64212356126287
Female,,Free/Reduced,Completed,6.0,8,79.11999242371353,72.0577854568343,72.6506560379038
Female,Master,Free/Reduced,Completed,10.0,20,91.8036311384088,100.0,100.0
Female,Master,Free/Reduced,Completed,7.0,17,76.91114903499704,88.09306514190388,78.67112608061095
Male,Associate,Free/Reduced,Completed,2.0,11,50.6072698450477,69.65677041050661,60.77177167859381
Male,Bachelor,Free/Reduced,,2.0,3,41.78026666125381,41.6678022220275,48.79526860679122
Male,High School,Standard,Completed,1.0,3,60.67767998734066,52.55325922692643,48.235243315804084
Female,Master,Standard,Completed,2.0,8,55.85495686223317,52.67340681673937,55.14723061249984
Female,PhD,Free/Reduced,Completed,9.0,3,100.0,91.21093784320875,95.9853470075079
Female,High School,Free/Reduced,,9.0,20,90.71306906518919,89.92745797619591,78.62903634680443
Female,High School,,Completed,10.0,8,99.47235693177103,100.0,100.0
Female,High School,Free/Reduced,,7.0,3,80.26160515228389,66.03529302964876,76.46174951929115
Male,PhD,Standard,,2.0,14,49.304321149469786,43.551187362766235,47.82132059106113
Male,Master,Free/Reduced,Completed,5.0,14,74.02610449853091,65.17767210778686,84.22282823473483
Male,High School,Free/Reduced,Completed,0.0,5,,41.22999578760565,53.50128376157353
Male,Master,Free/Reduced,Completed,0.0,12,54.642229293946016,52.997034298218765,44.468774146119614
Female,High School,Standard,Completed,10.0,12,,100.0,91.043805726292
Female,Master,Standard,Completed,2.0,13,60.022027247006626,68.59931729905279,53.99963435566383
Female,High School,Standard,,0.0,1,38.51817177619242,47.595624745555014,49.426126500230055
Female,Master,Standard,,6.0,0,72.49813005006902,70.74479920153766,63.38763298716222
Male,PhD,Standard,Completed,4.0,2,60.65023539736141,68.09650609461679,65.25889308958133
Female,Master,Standard,,9.0,1,80.58582233603902,85.21668507260061,76.79080068523596
Male,PhD,Free/Reduced,,7.0,9,68.54898161111612,69.3515214971533,67.2294442728871
Male,PhD,Free/Reduced,Completed,2.0,16,68.37199733461023,69.63979563455784,62.373668542869495
Female,High School,Standard,Completed,8.0,2,95.43989663136956,93.59468521274603,86.526176414704
Male,Master,Standard,Completed,0.0,18,54.75030453367681,45.102305279735795,46.70541205905966
Male,Bachelor,Free/Reduced,Completed,4.0,5,78.032838273208,66.00294079140103,64.24612959803736
Male,PhD,Free/Reduced,Completed,9.0,12,89.44317044177491,92.87851461842556,95.54387631982215
Male,Associate,Standard,Completed,10.0,14,100.0,90.89334387611969,96.54109119653016
Male,Associate,Standard,,5.0,7,55.694005781728194,65.84900808061151,73.15777007130944
Male,PhD,Free/Reduced,,6.0,16,72.6391683973256,74.06171639948273,78.66764775158568
Male,PhD,Standard,,5.0,12,61.48008070976151,57.70699568921481,69.13654226146384
Male,Associate,Free/Reduced,Completed,,20,100.0,95.70455937287485,100.0
Male,PhD,Standard,,0.0,5,45.282735795075546,33.76931578422735,47.65319069470346
Female,Master,Standard,,5.0,15,63.19776226077542,66.85656129771237,71.70348256087243
Female,Associate,Standard,,1.0,13,39.93392277477929,39.81353365463189,37.811397345250654
Male,High School,Standard,Completed,7.0,16,93.87518746655152,86.4161491832826,83.37391219263466
Male,Master,,Completed,3.0,4,70.78670163019467,68.9211110785612,74.55961396295456
Female,Bachelor,Standard,,8.0,15,70.77446724831077,72.07788969129028,75.03558305018004
Male,High School,Free/Reduced,Completed,3.0,18,70.61595122716483,68.77396304021065,73.4153544409557
Female,Bachelor,Free/Reduced,,4.0,0,53.98597442601736,68.65770906375235,55.70362338502216
Female,Bachelor,Standard,,4.0,17,67.78963356812915,63.89579300877859,65.64382134484768
Male,High School,Standard,Completed,10.0,17,100.0,100.0,100.0
Male,Bachelor,Standard,Completed,7.0,7,80.6497676181572,76.69106184067695,79.65118480998588
Male,High School,Standard,Completed,2.0,10,63.0069234460323,54.548331481720055,54.475453703480525
Female,Bachelor,Free/Reduced,Completed,10.0,10,97.37580976321554,100.0,98.5086333974086
Male,High School,Free/Reduced,Completed,3.0,16,74.80099338784196,62.07896883319898,74.63213069811118
Male,Bachelor,Free/Reduced,Completed,1.0,2,49.606783376963634,47.318731455207676,48.13098427023445
Male,PhD,Free/Reduced,Completed,6.0,11,74.02226614804036,74.89387856596203,88.88054670660227
Female,Associate,Standard,Completed,10.0,5,95.32055612837502,97.82725639264373,97.1637905467226
Female,Master,Free/Reduced,Completed,3.0,20,55.84998611709593,57.4161418967946,65.3464356313966
Male,Master,Standard,,8.0,16,79.79724605565033,77.60411941159921,71.3398968453674
Female,PhD,,,8.0,5,80.17978021441218,81.32762815777795,87.74650686632769
Female,Bachelor,Standard,,6.0,16,70.12510647434557,72.2455297696946,76.71962032804885
Male,Master,Free/Reduced,,6.0,0,,68.17655814631136,61.28730383194313
Female,High School,Standard,Completed,5.0,10,,81.20768671531002,67.76037765660583
Female,PhD,Free/Reduced,Completed,,12,84.66172705217349,78.686291439002,70.08093045305527
Male,Associate,Free/Reduced,,1.0,17,44.077455041129454,53.458860299895434,49.65012166268554
Male,PhD,Free/Reduced,,10.0,6,82.56350229471073,80.7635466567579,81.33489234089612
Male,Associate,Standard,,7.0,17,80.20770744345303,70.17990749383169,75.67601467555158
Male,Master,Free/Reduced,,3.0,2,50.22542249469749,57.05772284440734,51.780493915469634
Male,Associate,Standard,Completed,9.0,4,100.0,88.40916701250472,90.91000797780356
Male,Bachelor,Free/Reduced,,6.0,20,75.60979466861595,71.38884088212923,65.35698184655085
Male,PhD,Free/Reduced,Completed,6.0,14,86.91909825933355,83.36662246993524,87.83696534642743
Female,High School,Free/Reduced,,0.0,15,37.401580589257996,44.34491033472245,31.78917110801872
Male,Associate,Free/Reduced,Completed,5.0,18,68.43093224532242,79.86080155936972,74.28838057027394
Female,Master,Standard,Completed,0.0,2,43.87443817523106,47.755688603544705,41.3546072597093
Female,Associate,Free/Reduced,,,10,,46.61920008335615,45.55289485178791
Female,Associate,Free/Reduced,,0.0,8,39.740866072617244,39.203083210558454,32.01329755925984
Female,Associate,Standard,,4.0,5,57.28888856347095,59.10022968525077,50.04035537285844
Female,High School,Free/Reduced,,9.0,9,80.58878005385957,78.21820390215656,83.14621157957603
Male,Bachelor,Standard,Completed,2.0,5,66.7131572942032,63.01633158535102,59.71227269880802
Male,Associate,Free/Reduced,Completed,5.0,7,79.78066212855813,71.42219529947394,75.38697083913068
Male,High School,Standard,,6.0,1,63.77120151453094,78.00154242341792,74.48053788992385
Male,Associate,Free/Reduced,,8.0,5,76.08133956721082,83.3240567104803,72.33920161718157
Female,High School,Free/Reduced,Completed,9.0,15,85.94681274855151,90.71704860630514,93.67329641145687
Male,Bachelor,Free/Reduced,,8.0,19,84.35786807751573,82.71386710637711,72.09472851581386
Male,Bachelor,Free/Reduced,,1.0,13,46.2294823550545,51.09025042812128,48.67214354531238
Male,,Standard,Completed,1.0,15,56.74417604161245,61.48337420661192,51.24310502472868
Female,Master,Free/Reduced,,5.0,18,57.32088139452496,56.553685676804804,65.15218792027119
Female,Bachelor,Standard,,4.0,1,,55.42407010499009,58.8440672281358
Male,Associate,Free/Reduced,Completed,9.0,15,100.0,87.54538623755872,98.55683853561753
Female,Bachelor,Free/Reduced,Completed,10.0,5,100.0,97.8266629639766,99.28081875134471
Female,Master,Free/Reduced,Completed,10.0,1,100.0,100.0,94.89847565302313
Male,Master,Standard,,0.0,15,47.585490304532044,38.90000053651099,46.76717056054911
Male,High School,Standard,,6.0,16,67.2709123076214,64.08059091818006,77.00978427687276
Male,Associate,Standard,Completed,5.0,20,77.5218997275764,78.06852346495016,65.89657900289454
Male,High School,Free/Reduced,Completed,4.0,10,74.41712462292891,65.79239972926612,70.77827376463398
Female,Associate,Free/Reduced,Completed,10.0,9,93.14152394912412,99.93989320210665,92.01903358846707
Female,PhD,Standard,Completed,0.0,17,49.55442764791533,41.77098668061017,45.87188438644834
Male,Master,Standard,Completed,6.0,15,71.63823187418396,76.77261308461269,80.26458521988856
Male,Associate,Free/Reduced,Completed,9.0,11,93.93383213233007,97.08789185123473,90.98106716872607
Male,High School,Standard,Completed,9.0,14,100.0,87.4359583432403,100.0
Male,Master,Standard,Completed,5.0,9,77.84994521398558,69.95732231117404,71.59993656905513
Male,Associate,Standard,Completed,6.0,7,87.42906290526099,80.17084721008771,89.06717467551721
Female,High School,Standard,,10.0,19,83.92509209428339,98.55769224285167,82.95226500368946
Male,Associate,Standard,Completed,8.0,2,83.1067148595365,94.96836697262115,86.7995509503832
Female,Master,Free/Reduced,Completed,6.0,2,85.69779326172048,89.66876649728613,85.8864653334516
Male,High School,Free/Reduced,,,11,49.819865096582674,46.229794497076014,54.468282412839
Male,Bachelor,Standard,,4.0,16,58.59547107553931,59.01791929610039,65.20282851784198
Female,Master,Standard,Completed,8.0,0,83.85602263734934,99.71247570647516,85.71726746869679
Female,PhD,Free/Reduced,,1.0,15,50.319039764953025,54.69504873031622,49.57113609098802
Female,Associate,Free/Reduced,,8.0,18,71.97455704570058,89.63396950800805,82.56367546071486
Female,Bachelor,Free/Reduced,,2.0,20,57.47109522931116,49.12423950751911,48.09114907720792
Female,High School,Standard,,7.0,19,77.93719961967886,66.0791830034062,69.60295656312522
Female,High School,Standard,,2.0,11,58.52374438141868,54.99121738725769,54.39093156869917
Male,PhD,Free/Reduced,Completed,5.0,2,81.65722047055996,72.69614413893053,83.36853467729708
Female,Bachelor,Standard,,0.0,3,39.79168500155398,42.218927365630755,30.243983485828373
Female,Associate,Free/Reduced,Completed,9.0,15,94.21216098992647,89.67482904842443,92.88064675852303
Female,Master,Free/Reduced,,5.0,8,70.81138136050427,63.72946455390597,63.14536145499308
Female,High School,Free/Reduced,Completed,,1,69.58506902348928,67.71991439922385,71.1165919769864
Male,Bachelor,Free/Reduced,,6.0,4,72.41668779490347,73.97267131526509,73.2854879627622
Male,Master,Free/Reduced,,6.0,11,74.32322603561026,64.35587476968308,72.92537679782136
Male,High School,Standard,,9.0,0,77.04072597794,82.61182179119821,94.79492900833372
Male,Master,Standard,,8.0,6,75.33908849943766,78.19601859022447,86.77854747192485
Male,Master,Standard,Completed,7.0,14,82.48763137357449,84.06006911802187,80.29975083146148
Male,PhD,Free/Reduced,Completed,7.0,14,81.48374255581321,87.02368472753272,77.6777825257963
Female,Master,Standard,Completed,10.0,6,93.4392201897157,100.0,100.0
Male,Bachelor,Standard,Completed,1.0,5,56.598866466006925,49.53225843359402,46.10062802108486
Male,PhD,Free/Reduced,,1.0,4,37.538715177824734,49.80713563385953,39.95416895210487
Female,PhD,Free/Reduced,,1.0,8,46.273993328034614,50.22878463044815,36.447960284393226
Female,High School,Standard,,1.0,17,48.7281049472339,37.962273109540504,42.09348026048228
Male,Bachelor,Free/Reduced,Completed,6.0,6,76.41893469076861,89.10923546976171,85.40281403692775
Female,Master,Standard,Completed,2.0,16,67.90063737811408,56.47024515755377,61.27819926553026
Female,Bachelor,Free/Reduced,Completed,9.0,15,95.48330056523604,89.18335872758934,99.61404755247727
Male,Master,Standard,,4.0,3,60.14328111054517,56.93089156270766,52.84646446709347
Female,PhD,Free/Reduced,,0.0,14,31.93159383146739,49.07773692074822,38.19538012442799
Female,Master,Standard,,6.0,6,74.70422623098395,67.36416625284915,65.7260782886606
Female,,Free/Reduced,Completed,2.0,14,56.57820219807437,52.97516149064522,66.57541041436747
Female,PhD,Free/Reduced,Completed,0.0,8,45.89839205307534,44.316426435683574,44.34049037395917
Female,Bachelor,Standard,,7.0,14,66.77190567379603,77.09782514124468,66.10331766774158
Male,Master,Standard,Completed,7.0,19,,85.12510636749792,88.45312254032456
Female,PhD,Standard,,8.0,2,77.31352248001912,75.68077076078978,89.33373200126388
Female,High School,Free/Reduced,Completed,9.0,17,,94.53322693960351,100.0
Female,Master,Standard,,10.0,0,91.37637649539363,98.15919627283733,92.8161755366931
Male,Bachelor,Free/Reduced,,2.0,0,43.31797766731886,51.696185124485986,54.227413911787444
Female,PhD,Free/Reduced,Completed,1.0,9,57.079472670379836,50.9577926181672,50.2844741503861
Male,PhD,Standard,,2.0,12,51.99667939045395,58.89249069094025,41.03735560120129
Male,Master,Standard,,6.0,1,62.97483896318274,72.40511939363253,61.08016822503803
Male,High School,Free/Reduced,Completed,3.0,20,62.1320585494881,67.98995952175608,55.48694249984639
Male,High School,Free/Reduced,Completed,5.0,7,67.2937790199903,66.01960713429732,70.03836871633479
Female,Bachelor,Standard,,8.0,1,,80.41836800772569,80.62874877416874
Female,Associate,,Completed,7.0,13,85.6454061414867,89.15639519464284,76.82592604132003
Male,High School,Standard,,10.0,8,89.19947191356687,95.70289899626898,87.742864040497
Female,Bachelor,Free/Reduced,Completed,9.0,12,100.0,94.43415751698443,100.0
Female,High School,Free/Reduced,Completed,0.0,7,45.74867031683769,56.308491000671665,45.657687372191916
Male,Master,Free/Reduced,,6.0,20,74.72079294810273,72.7300348595155,73.30200370258987
Male,,Free/Reduced,,10.0,5,99.41712841947893,91.86756358833534,97.78689962369444
Female,High School,Free/Reduced,Completed,4.0,4,72.30276124837407,66.0052026912717,76.5971711425478
